-- MySQL dump 10.13  Distrib 5.7.25, for Linux (x86_64)
--
-- Host: 127.0.0.1    Database: gambit
-- ------------------------------------------------------
-- Server version	5.7.22-log

/*!40101 SET @OLD_CHARACTER_SET_CLIENT=@@CHARACTER_SET_CLIENT */;
/*!40101 SET @OLD_CHARACTER_SET_RESULTS=@@CHARACTER_SET_RESULTS */;
/*!40101 SET @OLD_COLLATION_CONNECTION=@@COLLATION_CONNECTION */;
/*!40101 SET NAMES utf8 */;
/*!40103 SET @OLD_TIME_ZONE=@@TIME_ZONE */;
/*!40103 SET TIME_ZONE='+00:00' */;
/*!40014 SET @OLD_UNIQUE_CHECKS=@@UNIQUE_CHECKS, UNIQUE_CHECKS=0 */;
/*!40014 SET @OLD_FOREIGN_KEY_CHECKS=@@FOREIGN_KEY_CHECKS, FOREIGN_KEY_CHECKS=0 */;
/*!40101 SET @OLD_SQL_MODE=@@SQL_MODE, SQL_MODE='NO_AUTO_VALUE_ON_ZERO' */;
/*!40111 SET @OLD_SQL_NOTES=@@SQL_NOTES, SQL_NOTES=0 */;

--
-- Table structure for table `activity`
--

DROP TABLE IF EXISTS `activity`;
/*!40101 SET @saved_cs_client     = @@character_set_client */;
/*!40101 SET character_set_client = utf8 */;
CREATE TABLE `activity` (
  `id` int(11) NOT NULL AUTO_INCREMENT,
  `requirement` varchar(255) DEFAULT NULL,
  `type_req` varchar(100) DEFAULT NULL,
  `system` varchar(45) DEFAULT NULL,
  `description` text,
  `impact` varchar(45) DEFAULT NULL,
  `area` varchar(45) DEFAULT NULL,
  `client` varchar(100) DEFAULT NULL,
  `priority` varchar(45) DEFAULT NULL,
  `backlog` varchar(45) DEFAULT NULL,
  `status` char(1) DEFAULT NULL,
  `analyst` varchar(100) DEFAULT NULL,
  `specification_start` date DEFAULT NULL,
  `specification_stop` date DEFAULT NULL,
  `developer` varchar(100) DEFAULT NULL,
  `development_start` date DEFAULT NULL,
  `development_stop` date DEFAULT NULL,
  PRIMARY KEY (`id`)
) ENGINE=InnoDB DEFAULT CHARSET=latin1;
/*!40101 SET character_set_client = @saved_cs_client */;

--
-- Dumping data for table `activity`
--

LOCK TABLES `activity` WRITE;
/*!40000 ALTER TABLE `activity` DISABLE KEYS */;
/*!40000 ALTER TABLE `activity` ENABLE KEYS */;
UNLOCK TABLES;

--
-- Table structure for table `board`
--

DROP TABLE IF EXISTS `board`;
/*!40101 SET @saved_cs_client     = @@character_set_client */;
/*!40101 SET character_set_client = utf8 */;
CREATE TABLE `board` (
  `id` int(11) NOT NULL AUTO_INCREMENT,
  `name` varchar(100) DEFAULT NULL,
  `trello_id` varchar(100) DEFAULT NULL,
  `status` char(1) DEFAULT NULL,
  PRIMARY KEY (`id`)
) ENGINE=InnoDB AUTO_INCREMENT=2 DEFAULT CHARSET=latin1;
/*!40101 SET character_set_client = @saved_cs_client */;

--
-- Dumping data for table `board`
--

LOCK TABLES `board` WRITE;
/*!40000 ALTER TABLE `board` DISABLE KEYS */;
INSERT INTO `board` VALUES (1,'Sprint','4mU0kgu4','A');
/*!40000 ALTER TABLE `board` ENABLE KEYS */;
UNLOCK TABLES;

--
-- Table structure for table `card`
--

DROP TABLE IF EXISTS `card`;
/*!40101 SET @saved_cs_client     = @@character_set_client */;
/*!40101 SET character_set_client = utf8 */;
CREATE TABLE `card` (
  `id` int(11) NOT NULL AUTO_INCREMENT,
  `trello_id` varchar(100) NOT NULL,
  `name` varchar(255) DEFAULT NULL,
  `descri` text,
  `idlist` varchar(100) DEFAULT NULL,
  `idboard` varchar(100) DEFAULT NULL,
  `short_link` varchar(255) DEFAULT NULL,
  `status` char(1) NOT NULL,
  `url` text,
  `date_last_activity` datetime DEFAULT NULL,
  `due` date DEFAULT NULL,
  `due_complete` date DEFAULT NULL,
  `idactivity` int(11) DEFAULT NULL,
  PRIMARY KEY (`id`,`trello_id`,`status`)
) ENGINE=InnoDB AUTO_INCREMENT=78 DEFAULT CHARSET=latin1;
/*!40101 SET character_set_client = @saved_cs_client */;

--
-- Dumping data for table `card`
--

LOCK TABLES `card` WRITE;
/*!40000 ALTER TABLE `card` DISABLE KEYS */;
INSERT INTO `card` VALUES (36,'5c4b368da0fb144e88f772fe','313# Extrato da Entrega','','31','1','XzcGTc8Q','A','https://trello.com/c/XzcGTc8Q/248-313-extrato-da-entrega','2019-02-14 09:03:39',NULL,NULL,NULL),(37,'5c4b36a9a0fb144e88f77a4e','189# Criar controle 1 para fornecedor','Comunicação com Fornecedor via e-mail + portal','31','1','8IgZ4Ggi','A','https://trello.com/c/8IgZ4Ggi/249-189-criar-controle-1-para-fornecedor','2019-02-11 09:59:18',NULL,NULL,NULL),(38,'5c4b35d6e575a155ebf6fdd7','291# Área VIP - API e permissões Assistência Rápida','Abrir SAC para assistência rápida via Área VIP do site, abrir recompra e alterar motivo da reclamação para Assistência Rápida (FCR sem SAC)\n\nA demanda envolverá alterações na area vip do site (sistema Wooddy) e o response das informações deverá ser alinhado com o Rafael.\n\nDeverá ser implementado um endpoint adicional que irá retornar a lista de produtos de assistências no mesmo formato da modal existente no SAC, sendo que as regras especificas para cada caso deverão ser sinalizadas para que o front-end do site (sistema Wooddy) possa aplicá-las na validação do post.\n\nHaverá integração com APIs ja existentes para a abertura do SAC e da recompra (sistema Sulivan, Marangoni e Ronie), e com o response da mesma, deveremos alterar o motivo da reclamação através do ID.\nTodas as regras de validação da ação deverão ser levantadas e validadas no post.','35','1','vexBhRTC','A','https://trello.com/c/vexBhRTC/244-291-%C3%A1rea-vip-api-e-permiss%C3%B5es-assist%C3%AAncia-r%C3%A1pida','2019-02-15 01:36:53',NULL,NULL,NULL),(39,'5c4b361654362751f0b545b8','269# Revisão consolidador - Dashboard','Revisão do dashboard + pesquisa por NF (timeline da NF - ver onde os volumes foram perdidos)\n\n- Bipados: Notas que tiverem algum volume bipado (ok, falta parcial ou sobra)\n- Não bipados: Notas que não tiverem nenhum bip registrado (pendente ou falta total)\n- Prazos: Data limite para o bip da movimentação atual\n\n\n** novas demandas voadoras dos gerentes T1/T2**\n\nApenas 2,3,4*,5* fazem sentido para inclusão no dash atual\n\n1) Qual o % de NFs Bipadas e não bipadas por Hub ** já temos, basta apenas filtrar a Timeline da operação**\n2) Pareto das NFs não Bipadas/fornecedor **(entra no lugar do top 10 ofensores): por enquanto mediremos em relação ao processo de transporte** não temos conferência de carga pelo fornecedor\n3) Das Nfs Bipadas, qual o % de falta / fornecedor ** vamos incluir filtro geral por fornecedor**\n4) Das Nfs Bipadas, qual o % de falta / SKU ** ver com a jessica**\n5) Das Nfs Bipadas, qual o % de falta / placa   **Adicionar exportar excel para que possam analisar essas informações por placa, pois os dados serão muito pulverizados para mostrar em gráfico**\n6) Qual o % não bipado por fornecedor/hub ** mesma coisa já solicitada pelo T1, basta usar os filtros gerais e ler a time line**\n7) Qual o % não bipado por placa ** idem ao item e**\n8) SLA etapa de bip - Pareto por placa/ por Hub **Adicionar exportar excel para que possam analisar essas informações por placa, pois os dados serão muito pulverizados para mostrar em gráfico**\n9) Bip coleta x bip Transferência (Coleta x Transferência) **já existe na time line**\n10) Bip coleta x bip Transferência (Transferência x T3)  **já existe na time line**\n11) Qual o % de Nfs não bipadas na saída ** Saída do que???**		\n','31','1','XmkttUcg','A','https://trello.com/c/XmkttUcg/246-269-revis%C3%A3o-consolidador-dashboard','2019-02-14 10:03:49',NULL,NULL,NULL),(40,'5c4b65d6a33b2d1e8deb57ed','329# Novo ambiente Mercurio.io - Fase 1','','31','1','fCWngg3z','A','https://trello.com/c/fCWngg3z/259-329-novo-ambiente-mercurioio-fase-1','2019-02-14 10:12:50',NULL,NULL,NULL),(41,'5c59860edc8c4c142cd48363','Manutenção Dashboard','','31','1','Ekswow8m','A','https://trello.com/c/Ekswow8m/273-manuten%C3%A7%C3%A3o-dashboard','2019-02-13 08:03:07',NULL,NULL,NULL),(42,'5c598f2dc39f9476c060ad39','Relatório B2W','É solicitado quase diariamente para desenvolver um relatório extraindo os dados da B2W e manipulando o mesmo em Excel.\nObs: Tarefa esta marcada como Andrhei e Guilherme. pois alterna quem desenvolve o relatório (desenvolve quem esta mais disponível de demandas)','31','1','pJDDbri2','A','https://trello.com/c/pJDDbri2/277-relat%C3%B3rio-b2w','2019-02-14 06:04:38',NULL,NULL,NULL),(43,'5c4b406f309a6033ffcc3c1a','Pacote A','','29','1','21cviWfJ','A','https://trello.com/c/21cviWfJ/254-pacote-a','2019-01-25 05:27:57',NULL,NULL,NULL),(44,'5c4b4133af8343179f9f64b7','Pacote B','','29','1','48sSXu2q','A','https://trello.com/c/48sSXu2q/255-pacote-b','2019-01-25 05:03:02',NULL,NULL,NULL),(45,'5c4b454463ba774828a239a5','Pacote C','','29','1','9IWa71cM','A','https://trello.com/c/9IWa71cM/256-pacote-c','2019-01-25 05:30:17',NULL,NULL,NULL),(46,'5c4b45760640ff0df007fb05','Pacote D','','29','1','93OQF0VN','A','https://trello.com/c/93OQF0VN/257-pacote-d','2019-01-25 05:28:37',NULL,NULL,NULL),(47,'5c4b458f98c150174f78db60','Pacote E','','29','1','YKOayGfz','A','https://trello.com/c/YKOayGfz/258-pacote-e','2019-02-14 07:11:28',NULL,NULL,NULL),(48,'5c4b660df1d22373f47fcd4c','Pacote F','','29','1','dbTAOyrb','A','https://trello.com/c/dbTAOyrb/260-pacote-f','2019-01-30 06:41:02',NULL,NULL,NULL),(49,'5c4f305c0780926123f0f9f2','Pacote G','','29','1','XGMmQN1Q','A','https://trello.com/c/XGMmQN1Q/265-pacote-g','2019-01-28 04:40:50',NULL,NULL,NULL),(50,'5c5c0a0eb0a492809ea9fca2','340# Eagle - Módulo Validação Entrada Transportadoras','Precisamos que seja implementado algumas informações adicionais no Eagle referente as validações que a transportadora passa em uma primeira fase','30','1','CUhbTE40','A','https://trello.com/c/CUhbTE40/281-340-eagle-m%C3%B3dulo-valida%C3%A7%C3%A3o-entrada-transportadoras','2019-02-11 04:16:01',NULL,NULL,NULL),(51,'5c4f2f8d32676173ee9e3fa5','332# Portal Fornecedor > Histórico do Pedido','','32','1','3n0fpJHp','A','https://trello.com/c/3n0fpJHp/264-332-portal-fornecedor-hist%C3%B3rico-do-pedido','2019-02-11 07:32:35',NULL,NULL,NULL),(52,'5c598da35ccdcb128bc72145','345# Script de recusa automática conforme regras','Eagle > Entregas > Devoluções\nDeve-se incluir novos motivos de Recusa para o Modal de Recusa de Devolução:\n1) Recusa: Motivo de solicitação de devolução incorreto;\n2) Recusa: EDI - Em rota de entrega;\n3) Recusa: Realizar nova tentativa de entrega;\n\nDeve-se colocar regras de validação descritos abaixo no momento da confirmação da recusa, e em um script que rode uma vez ao dia vendo as recusas pendentes de autorização MadeiraMadeira, segue regras:\n\nRN1: Nas solicitações de devolução (independente do motivo) se existir sac de avaria de produto em transporte em andamento/aberto no portal admin nos setores transportes e transportadora deve ser recusada devolução com motivo Material Avariado\n\nRN2: Reverter/recusar automaticamente solicitação de devolução quando recebermos EDI 01 - Entregue com motivo Material Entregue\n\nRN3: Reverter/recusar automaticamente solicitação de devolução quando for apontado extravio total de NF com motivo Material Extraviado\n\nRN4: Reverter/recusar automaticamente solicitação de devolução quando recebermos EDI - Em rota de entrega com motivo EDI - Em Rota de Entrega','32','1','kICCLtni','A','https://trello.com/c/kICCLtni/276-345-script-de-recusa-autom%C3%A1tica-conforme-regras','2019-02-12 08:02:21',NULL,NULL,NULL),(53,'5c4b3645973ca5352e9f5253','304# Confirmar coletado - integração TMS E Reversa','304# Confirmar coletado - integração TMS E Reversa\nBranch Brain: feature/304_integracao_tms_e_reversa_brain\nBranch Eagle: feature/304_integracao_tms_e_reversa\nComments: Feature updates driver and license information from the collector.\nCard: [304](https://trello.com/c/lx1vk4QU/247-304-confirmar-coletado-integra%C3%A7%C3%A3o-tms-e-reversa)\nTest: Waiting\nPR: Waiting\n','33','1','lx1vk4QU','A','https://trello.com/c/lx1vk4QU/247-304-confirmar-coletado-integra%C3%A7%C3%A3o-tms-e-reversa','2019-02-14 04:29:26',NULL,NULL,NULL),(54,'5c2f466b8f419e42caf5acee','292# BUG - Correção de painel atrasos críticos no portal fornecedor','Os registros trazidos nos atrasos críticos estão com \"lixo\" de pedidos que não correspondem com OCs que estão com o fornecedor. Logo deve ser trazido APENAS status das OC \n- Aprovado\n- OC Emitida\n- OC Aceita\n -NF Fornecedor Emitida \n- NF Madeira Emitida\n- NF MI Cancelada\n- NF MI Devolvida\n- Preparando p/ Envio\n\nDevem ser desconsiderados pedidos com status \n- Remetido\n- Em devolução\n- Entregue\n- Avariado\n- Extraviado\n- Cancelado\n','32','1','NUqJupnZ','A','https://trello.com/c/NUqJupnZ/226-292-bug-corre%C3%A7%C3%A3o-de-painel-atrasos-cr%C3%ADticos-no-portal-fornecedor','2019-02-13 06:16:49',NULL,NULL,NULL),(55,'5c3337a052cf6d14b92f8729','299# Verificar cálculo de quantidade máxima que pode ser solicitada','','33','1','drFuInI7','A','https://trello.com/c/drFuInI7/229-299-verificar-c%C3%A1lculo-de-quantidade-m%C3%A1xima-que-pode-ser-solicitada','2019-02-07 06:02:29',NULL,NULL,NULL),(56,'5c4b35f87130880c14849dd2','306# Liberação de assistência rápida parcial','Orçado em 2 dias\n\nEndpoint arvore completa: https://smartcloud.madeiramadeira.com.br/api/qualidade/arvore-lista?q=133680','33','1','JP26V9m3','A','https://trello.com/c/JP26V9m3/245-306-libera%C3%A7%C3%A3o-de-assist%C3%AAncia-r%C3%A1pida-parcial','2019-02-07 06:02:28',NULL,NULL,NULL),(57,'5c2e2c063087c00168ff6d86','284# Dashboard Automação Back Office','','34','1','RaA8NYnw','A','https://trello.com/c/RaA8NYnw/220-284-dashboard-automa%C3%A7%C3%A3o-back-office','2019-02-07 08:22:16',NULL,NULL,NULL),(58,'5c4f2f49cdafdc802071d5bf','331# Formulário de dados Adicionais','','34','1','D7zCzWyT','A','https://trello.com/c/D7zCzWyT/263-331-formul%C3%A1rio-de-dados-adicionais','2019-02-06 03:50:41',NULL,NULL,NULL),(59,'5c5820faa343da2522a6b12b','335# Monitoramento - Integração TMS','Monitoramento da integração da transportadora de teste do app de Manifesto.','34','1','vzXeeiDQ','A','https://trello.com/c/vzXeeiDQ/270-335-monitoramento-integra%C3%A7%C3%A3o-tms','2019-02-06 12:03:47',NULL,NULL,NULL),(60,'5c2e26ef9428f049558d40c4','208# Cadastro de novas operações de consolidadores pelo usuário','Permitir aos usuarios o uso \"independente\" do consolidador, ou seja, o cadastro de novas operações de consolidadores sem que seja necessária intervenção do time de desenvolvimento','34','1','AEQ3jEmS','A','https://trello.com/c/AEQ3jEmS/212-208-cadastro-de-novas-opera%C3%A7%C3%B5es-de-consolidadores-pelo-usu%C3%A1rio','2019-02-01 01:20:50',NULL,NULL,NULL),(61,'5c5c08de123fab44c942733f','341# Falha na transferência de SAC','Os SAC\'s do portal admin/SAC não estão sendo transferidos para o Eagle. Demanda gerada pela Andréia.','34','1','AZwXyvE4','A','https://trello.com/c/AZwXyvE4/280-341-falha-na-transfer%C3%AAncia-de-sac','2019-02-11 12:29:23',NULL,NULL,NULL),(62,'5c5db65f25a7c38eb9e09d3a','344# Sacs duplicando','aparentemente resolvido\n','34','1','ZAJaJ98i','A','https://trello.com/c/ZAJaJ98i/282-344-sacs-duplicando','2019-02-11 04:15:29',NULL,NULL,NULL),(63,'5c5a5f2b13b8fb0cba37b298','338# bug contador sac','@marcossantos177 \nmuita treta....','34','1','isWI7xgt','A','https://trello.com/c/isWI7xgt/279-338-bug-contador-sac','2019-02-08 01:16:30',NULL,NULL,NULL),(64,'5c534890ab042502f7f7eaef','338# Bug - Eagle - Splits Duplicados','','34','1','S4Diw9YS','A','https://trello.com/c/S4Diw9YS/269-338-bug-eagle-splits-duplicados','2019-02-08 01:16:59',NULL,NULL,NULL),(65,'5c4a0f97c2dc6f43f4bd89c0','324# Incluir custo do ID no csv da gestão de oc','','34','1','XTe0tIli','A','https://trello.com/c/XTe0tIli/268-324-incluir-custo-do-id-no-csv-da-gest%C3%A3o-de-oc','2019-02-04 05:09:33',NULL,NULL,NULL),(66,'5c460651b454931237591f40','325# Remover ip hardcode','Importante jogar remover o ip do código e colocar em um arquivo de configuração.\n\nEXTRACTCONTROLLER.PHP +159\n\nif ((!isset($_SERVER[\'HTTP_X_FORWARDED_FOR\']) || $_SERVER[\'HTTP_X_FORWARDED_FOR\'] !== **\'168.90.50.90\'**) && Auth::guest()) {\n','34','1','RFpPA88m','A','https://trello.com/c/RFpPA88m/241-325-remover-ip-hardcode','2019-02-01 04:44:48',NULL,NULL,NULL),(67,'5c4f383bb78492698b348c8d','334# Fechar splits não fecha reclamação do SAC','não é nosso problema\npedido Z3017470\nreclamacao M533372','34','1','7LNuZ8VG','A','https://trello.com/c/7LNuZ8VG/266-334-fechar-splits-n%C3%A3o-fecha-reclama%C3%A7%C3%A3o-do-sac','2019-01-29 10:48:14',NULL,NULL,NULL),(68,'5c4f070e1c7bcd2e13d39595','333# BUG-IMPORTANTE fechar reclamação de link sem faturamento...','Error Call to a member function getNumeroNotaFiscal() on null /home/deployer/deploys/brain/production/releases/20190128130119/module/Portal/src/Portal/Service/Notifier/PostmanEmail.php:395 Portal\\Service\\Notifier\\PostmanEmail::sendSacFechamentoLink /home/deployer/deploys/brain/production/releases/20190128130119/module/SAC/src/SAC/Service/Andamento/Andamento.php:1410 SAC\\Service\\Andamento\\Andamento::setConcluiSetor /home/deployer/deploys/brain/production/releases/20190128130119/module/SAC/src/SAC/Console/FinalizaLinkDesatualizadoCommand.php:51 SAC\\Console\\FinalizaLinkDesatualizadoCommand::handleAction /home/deployer/deploys/brain/production/releases/20190128130119/vendor/zendframework/zend-mvc/src/Controller/AbstractActionController.php:84 Zend\\Mvc\\Controller\\AbstractActionController::onDispatch [internal] call_user_func /home/deployer/deploys/brain/production/releases/20190128130119/vendor/zendframework/zend-eventmanager/src/EventManager.php:490 Zend\\EventManager\\EventManager::triggerListeners\n\n\n**nessa rotina**\nsac finaliza-link-desatualizado','34','1','YUKkyZGX','A','https://trello.com/c/YUKkyZGX/261-333-bug-importante-fechar-reclama%C3%A7%C3%A3o-de-link-sem-faturamento','2019-01-29 01:19:13',NULL,NULL,NULL),(69,'5c2f570360eb1b7784283421','290# Programa de Resolução de Atraso - Aviso de Extravio','','34','1','FG7EVmcW','A','https://trello.com/c/FG7EVmcW/227-290-programa-de-resolu%C3%A7%C3%A3o-de-atraso-aviso-de-extravio','2019-02-07 10:25:26',NULL,NULL,NULL),(70,'5c2e25e546ef1f83b7629488','283# Upload de NF de serviço no Eagle para pagamento de frete','','34','1','JKFzA5Bz','A','https://trello.com/c/JKFzA5Bz/210-283-upload-de-nf-de-servi%C3%A7o-no-eagle-para-pagamento-de-frete','2019-02-07 04:24:44',NULL,NULL,NULL),(71,'5c5988b0b5fc00519556e012','BackOffice Dashboard','Fazer uma copia do Painel utilizado pelo time BackOffice e acrescentar mais dados para que o Alexandre possa utilizar e validar os dados referentes ao dashboard desenvolvido pelo mesmo.','34','1','SBtSIGqP','A','https://trello.com/c/SBtSIGqP/274-backoffice-dashboard','2019-02-07 01:05:53',NULL,NULL,NULL),(72,'5c597aaf49575674de673849','337# Reestruturação da Bulma - Fase 2','#Input de dados para consolidação\n\n  1 - Conferências\nTOTORO: Enviar dados de conferências recebidos pelo totoro para uma nova fila a ser implementada na bulma\nBULMA: Implementar lib para gerenciar as filas\nBULMA: Consumir fila de conferencias da bulma alimentada pelo totoro\n\n  2 - Coletas\nBRAIN: Enviar dados das novas coletas criadas no brain para uma nova fila a ser implementada na bulma\nBULMA: Implementar queue de coletas e consumir novas coletas informadas pelo brain, persistindo as informações pertinentes na tabela de movimentacoes do consolidador, com o campo \"consolidado\" = 0\nBRAIN: Endpoint para que possam ser consultadas as informações das coletas referentes a consolidação\n\n  3 - Bases estáticas\nBRAIN: Endpoints com transportadoras, fornecedores, cidades e estados cadastradas no portal, para serem consumidos pela bulma\nBULMA: Implementar lib para gerenciar o Redis e, ao consolidar as coletas pela primeira vez, buscar as bases estáticas e salvar os dados no mesmo\n\n# Gatilhos\n\n  1 - Nova conferencia, campo \"consolidado\" é alterado para 0 (consolida toda a coleta novamente, a cada 5 min);\n  2 - Alteração/Inserção de novos prazos para a rota, campo \"consolidado\" é alterado para 0 (consolida toda a coleta novamente, a cada 5 min);\n  3 - Nova justificativa inserida na tela de pendências, adiciona justificativas na tabela consolidada (online);\n  4 - Envio de um novo manifesto, adiciona dados do manifesto na tabela consolidada (online);','35','1','TvP7Uwgd','A','https://trello.com/c/TvP7Uwgd/272-337-reestrutura%C3%A7%C3%A3o-da-bulma-fase-2','2019-02-14 10:12:41',NULL,NULL,NULL),(73,'5c59dc6bddb1261e1434a493','339# Histórico de NFs - (Demanda do Time de Planejamento) - Log de comunicação do insucesso de entrega','\"Como usuário do Eagle,\nGostaria de poder visualizar todas as tratativas realizadas em uma nota,\nPara que eu possa ter visibilidade do andamento e ajustes realizados para a NF em questão.\"','30','1','xXjOE2f0','A','https://trello.com/c/xXjOE2f0/278-339-hist%C3%B3rico-de-nfs-demanda-do-time-de-planejamento-log-de-comunica%C3%A7%C3%A3o-do-insucesso-de-entrega','2019-02-06 12:03:27',NULL,NULL,NULL),(74,'5c6be3fe1f561b770473a00a','Extravio Programado','','29','1','80qUbGn0','A','https://trello.com/c/80qUbGn0/291-extravio-programado','2019-02-19 03:54:49',NULL,NULL,NULL),(75,'5c6be40be3e3352c1390a7ff','Cobrança Avaria Isenta','','29','1','oEUZwFgr','A','https://trello.com/c/oEUZwFgr/292-cobran%C3%A7a-avaria-isenta','2019-02-19 03:54:24',NULL,NULL,NULL),(76,'5c6be41601cb6345dd072607','Consolidador/Bulma','','29','1','DwV3tjre','A','https://trello.com/c/DwV3tjre/293-consolidador-bulma','2019-02-19 04:28:23',NULL,NULL,NULL),(77,'5c6be89f1af94e23096a304c','Mix','','29','1','BVmUVPRn','A','https://trello.com/c/BVmUVPRn/294-mix','2019-02-19 04:27:06',NULL,NULL,NULL);
/*!40000 ALTER TABLE `card` ENABLE KEYS */;
UNLOCK TABLES;

--
-- Table structure for table `card_checklist`
--

DROP TABLE IF EXISTS `card_checklist`;
/*!40101 SET @saved_cs_client     = @@character_set_client */;
/*!40101 SET character_set_client = utf8 */;
CREATE TABLE `card_checklist` (
  `idcard` int(11) NOT NULL,
  `idchecklist` int(11) NOT NULL,
  PRIMARY KEY (`idcard`,`idchecklist`),
  CONSTRAINT `fk_card_checklist_1` FOREIGN KEY (`idcard`) REFERENCES `card` (`id`) ON DELETE NO ACTION ON UPDATE NO ACTION
) ENGINE=InnoDB DEFAULT CHARSET=latin1;
/*!40101 SET character_set_client = @saved_cs_client */;

--
-- Dumping data for table `card_checklist`
--

LOCK TABLES `card_checklist` WRITE;
/*!40000 ALTER TABLE `card_checklist` DISABLE KEYS */;
/*!40000 ALTER TABLE `card_checklist` ENABLE KEYS */;
UNLOCK TABLES;

--
-- Table structure for table `card_label`
--

DROP TABLE IF EXISTS `card_label`;
/*!40101 SET @saved_cs_client     = @@character_set_client */;
/*!40101 SET character_set_client = utf8 */;
CREATE TABLE `card_label` (
  `idcard` int(11) NOT NULL,
  `idlabel` int(11) NOT NULL,
  PRIMARY KEY (`idcard`,`idlabel`)
) ENGINE=InnoDB DEFAULT CHARSET=latin1;
/*!40101 SET character_set_client = @saved_cs_client */;

--
-- Dumping data for table `card_label`
--

LOCK TABLES `card_label` WRITE;
/*!40000 ALTER TABLE `card_label` DISABLE KEYS */;
INSERT INTO `card_label` VALUES (36,5),(37,2),(38,3),(39,2),(40,7),(41,8),(43,1),(44,2),(45,3),(46,4),(47,5),(48,6),(49,7),(50,6),(51,5),(52,5),(53,4),(54,6),(55,6),(56,3),(57,9),(58,5),(59,6),(60,2),(61,6),(62,6),(63,6),(64,6),(65,10),(66,6),(67,6),(67,9),(68,6),(68,9),(70,11),(71,8),(72,1),(73,5),(74,12),(75,13),(76,13),(77,14);
/*!40000 ALTER TABLE `card_label` ENABLE KEYS */;
UNLOCK TABLES;

--
-- Table structure for table `card_member`
--

DROP TABLE IF EXISTS `card_member`;
/*!40101 SET @saved_cs_client     = @@character_set_client */;
/*!40101 SET character_set_client = utf8 */;
CREATE TABLE `card_member` (
  `idcard` int(11) NOT NULL,
  `idmember` int(11) NOT NULL,
  PRIMARY KEY (`idcard`,`idmember`),
  KEY `fk_card_member_2_idx` (`idmember`),
  CONSTRAINT `fk_card_member_1` FOREIGN KEY (`idcard`) REFERENCES `card` (`id`) ON DELETE NO ACTION ON UPDATE NO ACTION,
  CONSTRAINT `fk_card_member_2` FOREIGN KEY (`idmember`) REFERENCES `member` (`id`) ON DELETE NO ACTION ON UPDATE NO ACTION
) ENGINE=InnoDB DEFAULT CHARSET=latin1;
/*!40101 SET character_set_client = @saved_cs_client */;

--
-- Dumping data for table `card_member`
--

LOCK TABLES `card_member` WRITE;
/*!40000 ALTER TABLE `card_member` DISABLE KEYS */;
INSERT INTO `card_member` VALUES (51,1),(52,1),(57,1),(58,1),(73,1),(36,2),(51,2),(52,2),(58,2),(59,2),(73,2),(40,3),(50,3),(54,3),(61,3),(62,3),(63,3),(64,3),(65,3),(66,3),(67,3),(68,3),(70,3),(37,4),(55,4),(56,4),(69,4),(70,4),(38,5),(56,5),(57,5),(38,6),(70,6),(39,7),(72,7),(41,8),(42,8),(42,9),(71,9),(60,10);
/*!40000 ALTER TABLE `card_member` ENABLE KEYS */;
UNLOCK TABLES;

--
-- Table structure for table `checklist`
--

DROP TABLE IF EXISTS `checklist`;
/*!40101 SET @saved_cs_client     = @@character_set_client */;
/*!40101 SET character_set_client = utf8 */;
CREATE TABLE `checklist` (
  `id` int(11) NOT NULL AUTO_INCREMENT,
  `trello_id` varchar(100) NOT NULL,
  `name` varchar(255) DEFAULT NULL,
  `itens` json DEFAULT NULL,
  `idcard` int(11) NOT NULL,
  `status` char(1) DEFAULT NULL,
  PRIMARY KEY (`id`,`trello_id`,`idcard`)
) ENGINE=InnoDB AUTO_INCREMENT=35 DEFAULT CHARSET=latin1;
/*!40101 SET character_set_client = @saved_cs_client */;

--
-- Dumping data for table `checklist`
--

LOCK TABLES `checklist` WRITE;
/*!40000 ALTER TABLE `checklist` DISABLE KEYS */;
INSERT INTO `checklist` VALUES (1,'5c4b466b9297d9845f57a862','Checklist','[{\"id\": \"5c4b466c5c99a334f9c510c5\", \"pos\": 16721, \"name\": \"328# Bulma Cron\", \"state\": \"incomplete\", \"nameData\": {\"emoji\": {}}, \"idChecklist\": \"5c4b466b9297d9845f57a862\"}, {\"id\": \"5c4b46750839814a33686201\", \"pos\": 34071, \"name\": \"327# Bulma TMS\", \"state\": \"incomplete\", \"nameData\": {\"emoji\": {}}, \"idChecklist\": \"5c4b466b9297d9845f57a862\"}, {\"id\": \"5c4b46810c45d727dd1ffa4c\", \"pos\": 51328, \"name\": \"326# Bulma Virada Features\", \"state\": \"incomplete\", \"nameData\": {\"emoji\": {}}, \"idChecklist\": \"5c4b466b9297d9845f57a862\"}]',43,'A'),(2,'5c4b478b317d963b0817ef33','Checklist','[{\"id\": \"5c4b47a97b642c320b8863b2\", \"pos\": 17316, \"name\": \"306# Liberação de assistência rápida parcial\", \"state\": \"incomplete\", \"nameData\": null, \"idChecklist\": \"5c4b478b317d963b0817ef33\"}]',45,'A'),(3,'5c4b465b514a508de23d1eae','Checklist','[{\"id\": \"5c4b465d40740931b4557085\", \"pos\": 16748, \"name\": \"313# Aceite e Recusa automática de devolução\", \"state\": \"incomplete\", \"nameData\": null, \"idChecklist\": \"5c4b465b514a508de23d1eae\"}, {\"id\": \"5c4f3002e3836688c7d75539\", \"pos\": 34080, \"name\": \"330# Eagle > Script de Mensageiria baseado em dias\", \"state\": \"incomplete\", \"nameData\": null, \"idChecklist\": \"5c4b465b514a508de23d1eae\"}, {\"id\": \"5c4f300dae9ab936b2634fff\", \"pos\": 51093, \"name\": \"332# Portal Fornecedor > Histórico do Pedido\", \"state\": \"incomplete\", \"nameData\": null, \"idChecklist\": \"5c4b465b514a508de23d1eae\"}, {\"id\": \"5c4f301a6e97df3e6eab313a\", \"pos\": 67690, \"name\": \"331# Formulário de dados Adicionais\", \"state\": \"incomplete\", \"nameData\": null, \"idChecklist\": \"5c4b465b514a508de23d1eae\"}]',47,'A'),(4,'5c65abec8323a40b8d4b6dbc','Caso 3 - Transportadora solicita devolução sem ter pedido dados adicionais','[{\"id\": \"5c65ac38378813028c91046b\", \"pos\": 17313, \"name\": \"Valida que não solicitou dados adicionais\", \"state\": \"incomplete\", \"nameData\": null, \"idChecklist\": \"5c65abec8323a40b8d4b6dbc\"}, {\"id\": \"5c65ac7d00baae2f19ce60aa\", \"pos\": 33849, \"name\": \"Solicita dados adicionais automaticamente como se fosse o usuário da transportadora que está logado (para que ele receba a resposta dos dados)\", \"state\": \"incomplete\", \"nameData\": null, \"idChecklist\": \"5c65abec8323a40b8d4b6dbc\"}, {\"id\": \"5c65aca542ac6619ba82a6c6\", \"pos\": 50297, \"name\": \"Solicita a devolução e fica com status pendente MadeiraMadeira em https://eagle.madeiramadeira.com.br/devolution\", \"state\": \"incomplete\", \"nameData\": null, \"idChecklist\": \"5c65abec8323a40b8d4b6dbc\"}, {\"id\": \"5c65ad74d130b242eff8c15c\", \"pos\": 67571, \"name\": \"Mostra aviso de \\\"Devolução solicitada: Aguarde informações adicionais do cliente para seguir com nova tentativa de entrega\\\"\", \"state\": \"incomplete\", \"nameData\": null, \"idChecklist\": \"5c65abec8323a40b8d4b6dbc\"}, {\"id\": \"5c65ae26586a2c3cecb866df\", \"pos\": 84752, \"name\": \"Dia 1 - E-mail + SMS\", \"state\": \"incomplete\", \"nameData\": null, \"idChecklist\": \"5c65abec8323a40b8d4b6dbc\"}, {\"id\": \"5c65ae2afb657a36aecadb27\", \"pos\": 101688, \"name\": \"Dia 3 - E-mail + SMS\", \"state\": \"incomplete\", \"nameData\": null, \"idChecklist\": \"5c65abec8323a40b8d4b6dbc\"}, {\"id\": \"5c65ae2f404b3c2b886518dc\", \"pos\": 118798, \"name\": \"Dia 5 - E-mail + SMS\", \"state\": \"incomplete\", \"nameData\": null, \"idChecklist\": \"5c65abec8323a40b8d4b6dbc\"}, {\"id\": \"5c65ae336a7e0604f73a9740\", \"pos\": 135219, \"name\": \"Dia 7 - E-mail + SMS\", \"state\": \"incomplete\", \"nameData\": null, \"idChecklist\": \"5c65abec8323a40b8d4b6dbc\"}, {\"id\": \"5c65ae4d721a9e13a47af793\", \"pos\": 151745, \"name\": \"Dia 10 - Abertura automática de SAC de Cancelamento antes da entrega - submotivo**\", \"state\": \"incomplete\", \"nameData\": null, \"idChecklist\": \"5c65abec8323a40b8d4b6dbc\"}, {\"id\": \"5c65aeb22fcacf14fe997e7e\", \"pos\": 168237, \"name\": \"Se cliente responder dados em qualquer momento até dia 10 recusa automaticamente a solicitação de devolução com justificativa \\\"Dados confirmados - seguir com entrega\\\"\", \"state\": \"incomplete\", \"nameData\": null, \"idChecklist\": \"5c65abec8323a40b8d4b6dbc\"}, {\"id\": \"5c65aed8721a9e13a47b1034\", \"pos\": 185407, \"name\": \"Se retenção resolver o SAC como retido, recusa automaticamente a solicitação de devolução com justificativa \\\"Dados confirmados - seguir com entrega\\\"\", \"state\": \"incomplete\", \"nameData\": null, \"idChecklist\": \"5c65abec8323a40b8d4b6dbc\"}, {\"id\": \"5c65aef186c3b967e8a17e8a\", \"pos\": 202146, \"name\": \"Se retenção resolver o SAC como cancelamento, aceita automaticamente a solicitação de devolução\", \"state\": \"incomplete\", \"nameData\": null, \"idChecklist\": \"5c65abec8323a40b8d4b6dbc\"}, {\"id\": \"5c65af1816002a48cb4bdcf4\", \"pos\": 219337, \"name\": \"Se cliente responder dados após a abertura do SAC recusa automaticamente a solicitação de devolução com justificativa \\\"Dados confirmados - seguir com entrega\\\"\", \"state\": \"incomplete\", \"nameData\": null, \"idChecklist\": \"5c65abec8323a40b8d4b6dbc\"}, {\"id\": \"5c65afb53ec07974c2ce8c7f\", \"pos\": 236570, \"name\": \"Se cliente responder dados após a abertura do SAC resolve o SAC com opção \\\"finalizar atendimento\\\" no portal retenção\", \"state\": \"incomplete\", \"nameData\": null, \"idChecklist\": \"5c65abec8323a40b8d4b6dbc\"}, {\"id\": \"5c65ba3b5f41f92bf2ae076d\", \"pos\": 253544, \"name\": \"Grava na lista de ocorrências e comunicações o que for informado pela transportadora e enviado para o cliente\", \"state\": \"incomplete\", \"nameData\": null, \"idChecklist\": \"5c65abec8323a40b8d4b6dbc\"}]',47,'A'),(5,'5c65b0621000e12514823107','Caso 4 - Transportadora solicita devolução e já pediu dados adicionais SEM resposta até o momento de solicitação de devolução','[{\"id\": \"5c65b0621000e12514823108\", \"pos\": 17313, \"name\": \"Valida que solicitou dados adicionais\", \"state\": \"incomplete\", \"nameData\": null, \"idChecklist\": \"5c65b0621000e12514823107\"}, {\"id\": \"5c65b0621000e12514823109\", \"pos\": 33849, \"name\": \"Verifica que cliente ainda não respondeu até a presente data\", \"state\": \"incomplete\", \"nameData\": null, \"idChecklist\": \"5c65b0621000e12514823107\"}, {\"id\": \"5c65b0621000e1251482310a\", \"pos\": 50297, \"name\": \"Solicita a devolução e fica com status pendente MadeiraMadeira em https://eagle.madeiramadeira.com.br/devolution\", \"state\": \"incomplete\", \"nameData\": null, \"idChecklist\": \"5c65b0621000e12514823107\"}, {\"id\": \"5c65b0621000e1251482310b\", \"pos\": 67571, \"name\": \"Mostra aviso de \\\"Devolução solicitada: Aguarde informações adicionais do cliente para seguir com nova tentativa de entrega\\\"\", \"state\": \"incomplete\", \"nameData\": null, \"idChecklist\": \"5c65b0621000e12514823107\"}, {\"id\": \"5c65b0621000e12514823110\", \"pos\": 151745, \"name\": \"Verifica em que dia da régua de prazo o processo se encontra a partir da solicitação de dados adicionais, se está na etapa de de SAC continua a régua\", \"state\": \"incomplete\", \"nameData\": null, \"idChecklist\": \"5c65b0621000e12514823107\"}, {\"id\": \"5c65b0621000e12514823111\", \"pos\": 168237, \"name\": \"Se cliente responder dados em qualquer momento até dia 10 recusa automaticamente a solicitação de devolução com justificativa \\\"Dados confirmados - seguir com entrega\\\"\", \"state\": \"incomplete\", \"nameData\": null, \"idChecklist\": \"5c65b0621000e12514823107\"}, {\"id\": \"5c65b0621000e12514823112\", \"pos\": 185407, \"name\": \"Se retenção resolver o SAC como retido, recusa automaticamente a solicitação de devolução com justificativa \\\"Dados confirmados - seguir com entrega\\\"\", \"state\": \"incomplete\", \"nameData\": null, \"idChecklist\": \"5c65b0621000e12514823107\"}, {\"id\": \"5c65b0621000e12514823113\", \"pos\": 202146, \"name\": \"Se retenção resolver o SAC como cancelamento, aceita automaticamente a solicitação de devolução\", \"state\": \"incomplete\", \"nameData\": null, \"idChecklist\": \"5c65b0621000e12514823107\"}, {\"id\": \"5c65b0621000e12514823114\", \"pos\": 219337, \"name\": \"Se cliente responder dados após a abertura do SAC recusa automaticamente a solicitação de devolução com justificativa \\\"Dados confirmados - seguir com entrega\\\"\", \"state\": \"incomplete\", \"nameData\": null, \"idChecklist\": \"5c65b0621000e12514823107\"}, {\"id\": \"5c65b0621000e12514823115\", \"pos\": 236570, \"name\": \"Se cliente responder dados após a abertura do SAC resolve o SAC com opção \\\"finalizar atendimento\\\" no portal retenção\", \"state\": \"incomplete\", \"nameData\": null, \"idChecklist\": \"5c65b0621000e12514823107\"}, {\"id\": \"5c65b1205ac1215fc9416fcc\", \"pos\": 76161.5, \"name\": \"Verifica em que dia da régua de prazo o processo se encontra a partir da solicitação de dados adicionais, se está na etapa de comunicação continua a régua (Dia 1 / Dia 3 / Dia 5 / Dia 7)\", \"state\": \"incomplete\", \"nameData\": null, \"idChecklist\": \"5c65b0621000e12514823107\"}, {\"id\": \"5c65ba41d3faf042c06f5137\", \"pos\": 253073, \"name\": \"Grava na lista de ocorrências e comunicações o que for informado pela transportadora e enviado para o cliente\", \"state\": \"incomplete\", \"nameData\": null, \"idChecklist\": \"5c65b0621000e12514823107\"}]',47,'A'),(6,'5c65b18b6816dc83395d36b5','Caso 5 - Transportadora solicita devolução e já pediu dados adicionais COM resposta e SEM tentativa de entrega após a resposta','[{\"id\": \"5c65b18b6816dc83395d36b6\", \"pos\": 17313, \"name\": \"Valida que solicitou dados adicionais\", \"state\": \"incomplete\", \"nameData\": null, \"idChecklist\": \"5c65b18b6816dc83395d36b5\"}, {\"id\": \"5c65b18b6816dc83395d36b7\", \"pos\": 33849, \"name\": \"Verifica que cliente já respondeu os dados\", \"state\": \"incomplete\", \"nameData\": null, \"idChecklist\": \"5c65b18b6816dc83395d36b5\"}, {\"id\": \"5c65b77e229d72881be8fcf1\", \"pos\": 42073, \"name\": \"Verifica que transportadora não fez tentativa de entrega\", \"state\": \"incomplete\", \"nameData\": null, \"idChecklist\": \"5c65b18b6816dc83395d36b5\"}, {\"id\": \"5c65b7aa7a5acc08e4a3f94d\", \"pos\": 84301, \"name\": \"Mostra aviso em tela - \\\"Devolução não solicitada: Dados confirmados - seguir com entrega\\\"\", \"state\": \"incomplete\", \"nameData\": null, \"idChecklist\": \"5c65b18b6816dc83395d36b5\"}, {\"id\": \"5c65ba43a8157034264ed29d\", \"pos\": 100712, \"name\": \"Grava na lista de ocorrências e comunicações o que for informado pela transportadora e enviado para o cliente\", \"state\": \"incomplete\", \"nameData\": null, \"idChecklist\": \"5c65b18b6816dc83395d36b5\"}]',47,'A'),(7,'5c65b25827edcb0f14c1ffa0','Caso 6 - Transportadora solicita devolução e já pediu dados adicionais COM resposta e COM tentativa de entrega após a resposta','[{\"id\": \"5c65b25827edcb0f14c1ffa1\", \"pos\": 17313, \"name\": \"Valida que solicitou dados adicionais\", \"state\": \"incomplete\", \"nameData\": null, \"idChecklist\": \"5c65b25827edcb0f14c1ffa0\"}, {\"id\": \"5c65b25827edcb0f14c1ffa2\", \"pos\": 33849, \"name\": \"Verifica que cliente já respondeu os dados\", \"state\": \"incomplete\", \"nameData\": null, \"idChecklist\": \"5c65b25827edcb0f14c1ffa0\"}, {\"id\": \"5c65b25827edcb0f14c1ffa4\", \"pos\": 67571, \"name\": \"Mostra aviso de \\\"Devolução solicitada: Aguarde informações adicionais do cliente para seguir com nova tentativa de entrega\\\"\", \"state\": \"incomplete\", \"nameData\": null, \"idChecklist\": \"5c65b25827edcb0f14c1ffa0\"}, {\"id\": \"5c65b25827edcb0f14c1ffa5\", \"pos\": 151745, \"name\": \"Verifica em que dia da régua de prazo o processo se encontra a partir da solicitação de dados adicionais, se está na etapa de de SAC continua a régua\", \"state\": \"incomplete\", \"nameData\": null, \"idChecklist\": \"5c65b25827edcb0f14c1ffa0\"}, {\"id\": \"5c65b25827edcb0f14c1ffa6\", \"pos\": 168237, \"name\": \"Se cliente responder dados em qualquer momento até dia 10 recusa automaticamente a solicitação de devolução com justificativa \\\"Dados confirmados - seguir com entrega\\\"\", \"state\": \"incomplete\", \"nameData\": null, \"idChecklist\": \"5c65b25827edcb0f14c1ffa0\"}, {\"id\": \"5c65b25827edcb0f14c1ffa7\", \"pos\": 185407, \"name\": \"Se retenção resolver o SAC como retido, recusa automaticamente a solicitação de devolução com justificativa \\\"Dados confirmados - seguir com entrega\\\"\", \"state\": \"incomplete\", \"nameData\": null, \"idChecklist\": \"5c65b25827edcb0f14c1ffa0\"}, {\"id\": \"5c65b25827edcb0f14c1ffa8\", \"pos\": 202146, \"name\": \"Se retenção resolver o SAC como cancelamento, aceita automaticamente a solicitação de devolução\", \"state\": \"incomplete\", \"nameData\": null, \"idChecklist\": \"5c65b25827edcb0f14c1ffa0\"}, {\"id\": \"5c65b25827edcb0f14c1ffa9\", \"pos\": 219337, \"name\": \"Se cliente responder dados após a abertura do SAC recusa automaticamente a solicitação de devolução com justificativa \\\"Dados confirmados - seguir com entrega\\\"\", \"state\": \"incomplete\", \"nameData\": null, \"idChecklist\": \"5c65b25827edcb0f14c1ffa0\"}, {\"id\": \"5c65b25827edcb0f14c1ffaa\", \"pos\": 236570, \"name\": \"Se cliente responder dados após a abertura do SAC resolve o SAC com opção \\\"finalizar atendimento\\\" no portal retenção\", \"state\": \"incomplete\", \"nameData\": null, \"idChecklist\": \"5c65b25827edcb0f14c1ffa0\"}, {\"id\": \"5c65b25827edcb0f14c1ffab\", \"pos\": 76161.5, \"name\": \"Identifica em que dia da régua de prazo o processo se encontra a partir da solicitação de dados adicionais, se está na etapa de comunicação continua a régua (Dia 1 / Dia 3 / Dia 5 / Dia 7)\", \"state\": \"incomplete\", \"nameData\": null, \"idChecklist\": \"5c65b25827edcb0f14c1ffa0\"}, {\"id\": \"5c65b7f2605e147a08e85c38\", \"pos\": 42073, \"name\": \"Verifica que transportadora fez tentativa de entrega\", \"state\": \"incomplete\", \"nameData\": null, \"idChecklist\": \"5c65b25827edcb0f14c1ffa0\"}, {\"id\": \"5c65ba46fc94b91eb5306742\", \"pos\": 253401, \"name\": \"Grava na lista de ocorrências e comunicações o que for informado pela transportadora e enviado para o cliente\", \"state\": \"incomplete\", \"nameData\": null, \"idChecklist\": \"5c65b25827edcb0f14c1ffa0\"}]',47,'A'),(8,'5c65b87588747b52f9228b12','Caso 1.1 - Transportadora solicita devolução por insucesso de entrega - Cliente Ausente COM ocorren','[{\"id\": \"5c65b8df3ee9108e7ea589d8\", \"pos\": 17077, \"name\": \"Valida que recebemos ocorrência de Cliente Ausente\", \"state\": \"incomplete\", \"nameData\": null, \"idChecklist\": \"5c65b87588747b52f9228b12\"}, {\"id\": \"5c65b917732ef85f9898be83\", \"pos\": 33996, \"name\": \"Verifica que transportadora já respondeu as 3 datas de entrega\", \"state\": \"incomplete\", \"nameData\": null, \"idChecklist\": \"5c65b87588747b52f9228b12\"}, {\"id\": \"5c65b931ab418514afa7c5a9\", \"pos\": 50483, \"name\": \"Solicita a devolução e fica com status pendente MadeiraMadeira em https://eagle.madeiramadeira.com.br/devolution\", \"state\": \"incomplete\", \"nameData\": null, \"idChecklist\": \"5c65b87588747b52f9228b12\"}, {\"id\": \"5c65b95c963fbb21cc620b38\", \"pos\": 67847, \"name\": \"Se cliente respondeu até a máxima data proposta recusa a solicitação de devolução com motivo \'Realizar nova tentativa de entrega\\\"\", \"state\": \"incomplete\", \"nameData\": null, \"idChecklist\": \"5c65b87588747b52f9228b12\"}, {\"id\": \"5c65b99f3138be0bde9b5b4c\", \"pos\": 84888, \"name\": \"Se cliente NÃO respondeu até a máxima data proposta começa validação e régua de prazo de dados adicionais\", \"state\": \"incomplete\", \"nameData\": null, \"idChecklist\": \"5c65b87588747b52f9228b12\"}, {\"id\": \"5c65ba3784096612136de7da\", \"pos\": 101971, \"name\": \"Grava na lista de ocorrências e comunicações o que for informado pela transportadora e enviado para o cliente\", \"state\": \"incomplete\", \"nameData\": null, \"idChecklist\": \"5c65b87588747b52f9228b12\"}]',47,'A'),(9,'5c65b9baa8157034264eb6cc','Caso 1.2 - Transportadora solicita devolução por insucesso de entrega - Cliente Ausente SEM ocorren','[{\"id\": \"5c65b9baa8157034264eb6cd\", \"pos\": 17077, \"name\": \"Valida que NÃO recebemos ocorrência de Cliente Ausente\", \"state\": \"incomplete\", \"nameData\": null, \"idChecklist\": \"5c65b9baa8157034264eb6cc\"}, {\"id\": \"5c65b9baa8157034264eb6cf\", \"pos\": 50483, \"name\": \"Solicita a devolução e fica com status pendente MadeiraMadeira em https://eagle.madeiramadeira.com.br/devolution\", \"state\": \"incomplete\", \"nameData\": null, \"idChecklist\": \"5c65b9baa8157034264eb6cc\"}, {\"id\": \"5c65b9baa8157034264eb6d0\", \"pos\": 67847, \"name\": \"Se cliente respondeu até a máxima data proposta recusa a solicitação de devolução com motivo \'Realizar nova tentativa de entrega\\\"\", \"state\": \"incomplete\", \"nameData\": null, \"idChecklist\": \"5c65b9baa8157034264eb6cc\"}, {\"id\": \"5c65b9baa8157034264eb6d1\", \"pos\": 84888, \"name\": \"Se cliente NÃO respondeu até a máxima data proposta começa validação e régua de prazo de dados adicionais\", \"state\": \"incomplete\", \"nameData\": null, \"idChecklist\": \"5c65b9baa8157034264eb6cc\"}, {\"id\": \"5c65b9fa6c91032f598dd371\", \"pos\": 25536.5, \"name\": \"Mostra modal para transportadora informar ocorrência manual preencher as 3 datas de entrega\", \"state\": \"incomplete\", \"nameData\": null, \"idChecklist\": \"5c65b9baa8157034264eb6cc\"}, {\"id\": \"5c65ba2090f9083c9c4be22b\", \"pos\": 101826, \"name\": \"Grava na lista de ocorrências e comunicações o que for informado pela transportadora e enviado para o cliente\", \"state\": \"incomplete\", \"nameData\": null, \"idChecklist\": \"5c65b9baa8157034264eb6cc\"}, {\"id\": \"5c65badc595a7b838214d29d\", \"pos\": 38009.75, \"name\": \"Mostra modal para transportadora preencher as 3 datas de entrega\", \"state\": \"incomplete\", \"nameData\": null, \"idChecklist\": \"5c65b9baa8157034264eb6cc\"}]',47,'A'),(10,'5c65ba82e7a46f339acc1c3f','Caso 2.1 - Transportadora solicita devolução por insucesso de entrega - Endereço não localizado SEM ocorren','[{\"id\": \"5c65ba82e7a46f339acc1c40\", \"pos\": 17077, \"name\": \"Valida que NÃO recebemos ocorrência de Endereço não localizado\", \"state\": \"incomplete\", \"nameData\": null, \"idChecklist\": \"5c65ba82e7a46f339acc1c3f\"}, {\"id\": \"5c65ba82e7a46f339acc1c41\", \"pos\": 50483, \"name\": \"Solicita a devolução e fica com status pendente MadeiraMadeira em https://eagle.madeiramadeira.com.br/devolution\", \"state\": \"incomplete\", \"nameData\": null, \"idChecklist\": \"5c65ba82e7a46f339acc1c3f\"}, {\"id\": \"5c65ba82e7a46f339acc1c43\", \"pos\": 84888, \"name\": \"Começa validação e régua de prazo de dados adicionais\", \"state\": \"incomplete\", \"nameData\": {\"emoji\": {}}, \"idChecklist\": \"5c65ba82e7a46f339acc1c3f\"}, {\"id\": \"5c65ba82e7a46f339acc1c44\", \"pos\": 25536.5, \"name\": \"Mostra modal para transportadora informar ocorrência manual \", \"state\": \"incomplete\", \"nameData\": null, \"idChecklist\": \"5c65ba82e7a46f339acc1c3f\"}, {\"id\": \"5c65ba82e7a46f339acc1c45\", \"pos\": 101826, \"name\": \"Grava na lista de ocorrências e comunicações o que for informado pela transportadora e enviado para o cliente\", \"state\": \"incomplete\", \"nameData\": null, \"idChecklist\": \"5c65ba82e7a46f339acc1c3f\"}]',47,'A'),(11,'5c65bb193cb0a56e95b39333','Caso 2.2 - Transportadora solicita devolução por insucesso de entrega - Endereço não localizado COM ocorren','[{\"id\": \"5c65bb193cb0a56e95b39334\", \"pos\": 17077, \"name\": \"Valida que recebemos ocorrência de Endereço não localizado\", \"state\": \"incomplete\", \"nameData\": null, \"idChecklist\": \"5c65bb193cb0a56e95b39333\"}, {\"id\": \"5c65bb193cb0a56e95b39335\", \"pos\": 50483, \"name\": \"Solicita a devolução e fica com status pendente MadeiraMadeira em https://eagle.madeiramadeira.com.br/devolution\", \"state\": \"incomplete\", \"nameData\": null, \"idChecklist\": \"5c65bb193cb0a56e95b39333\"}, {\"id\": \"5c65bb193cb0a56e95b39336\", \"pos\": 84888, \"name\": \"Começa validação e régua de prazo de dados adicionais\", \"state\": \"incomplete\", \"nameData\": null, \"idChecklist\": \"5c65bb193cb0a56e95b39333\"}, {\"id\": \"5c65bb193cb0a56e95b39338\", \"pos\": 101826, \"name\": \"Grava na lista de ocorrências e comunicações o que for informado pela transportadora e enviado para o cliente\", \"state\": \"incomplete\", \"nameData\": null, \"idChecklist\": \"5c65bb193cb0a56e95b39333\"}]',47,'A'),(12,'5c4f309c45c24f7f882bd933','Checklist','[{\"id\": \"5c4f309d3cb47b36d898b129\", \"pos\": 17281, \"name\": \"290# Programa de Resolução de Atraso - Aviso de Extravio\", \"state\": \"incomplete\", \"nameData\": null, \"idChecklist\": \"5c4f309c45c24f7f882bd933\"}, {\"id\": \"5c4f30b09c70d7804fe72ac9\", \"pos\": 33732, \"name\": \"325# Remover ip hardcode\", \"state\": \"incomplete\", \"nameData\": null, \"idChecklist\": \"5c4f309c45c24f7f882bd933\"}, {\"id\": \"5c4f30b98c5515199bae5678\", \"pos\": 50268, \"name\": \"292# BUG - Correção de painel atrasos críticos no portal fornecedor\", \"state\": \"incomplete\", \"nameData\": null, \"idChecklist\": \"5c4f309c45c24f7f882bd933\"}, {\"id\": \"5c4f30d5167cea73efad8e7f\", \"pos\": 66660, \"name\": \"299# Verificar cálculo de quantidade máxima que pode ser solicitada\", \"state\": \"incomplete\", \"nameData\": null, \"idChecklist\": \"5c4f309c45c24f7f882bd933\"}, {\"id\": \"5c502dea7c38fb6f81ac996e\", \"pos\": 83373, \"name\": \"333# BUG-IMPORTANTE fechar reclamação de link sem faturamento\", \"state\": \"incomplete\", \"nameData\": null, \"idChecklist\": \"5c4f309c45c24f7f882bd933\"}]',48,'A'),(13,'5c4f3090a174f3310343401b','Checklist','[{\"id\": \"5c4f309229986f86f7b1dc10\", \"pos\": 16728, \"name\": \"329# Novo ambiente Mercurio.io\", \"state\": \"incomplete\", \"nameData\": null, \"idChecklist\": \"5c4f3090a174f3310343401b\"}]',49,'A'),(14,'5c59dc6cddb1261e1434a4bb','DOD','[{\"id\": \"5c59dc6cddb1261e1434a4bc\", \"pos\": 16592, \"name\": \"Tarefas completas\", \"state\": \"incomplete\", \"nameData\": null, \"idChecklist\": \"5c59dc6cddb1261e1434a4bb\"}, {\"id\": \"5c59dc6cddb1261e1434a4bd\", \"pos\": 33209, \"name\": \"Teste automático aprovado\", \"state\": \"incomplete\", \"nameData\": null, \"idChecklist\": \"5c59dc6cddb1261e1434a4bb\"}, {\"id\": \"5c59dc6cddb1261e1434a4be\", \"pos\": 50048, \"name\": \"Revisão de programação por outro dev\", \"state\": \"incomplete\", \"nameData\": null, \"idChecklist\": \"5c59dc6cddb1261e1434a4bb\"}, {\"id\": \"5c59dc6cddb1261e1434a4bf\", \"pos\": 66653, \"name\": \"Bugs consertados (QA complete)\", \"state\": \"incomplete\", \"nameData\": null, \"idChecklist\": \"5c59dc6cddb1261e1434a4bb\"}, {\"id\": \"5c59dc6cddb1261e1434a4c0\", \"pos\": 83342, \"name\": \"Code completo\", \"state\": \"incomplete\", \"nameData\": null, \"idChecklist\": \"5c59dc6cddb1261e1434a4bb\"}, {\"id\": \"5c59dc6cddb1261e1434a4c1\", \"pos\": 116978, \"name\": \"Listar tratativas manuais na nota (solicitação de dados, resposta de dados, apontamento de avaria, devolução...) e EDIs recebidos\", \"state\": \"incomplete\", \"nameData\": null, \"idChecklist\": \"5c59dc6cddb1261e1434a4bb\"}, {\"id\": \"5c59dc6cddb1261e1434a4c2\", \"pos\": 150521, \"name\": \"Criar motivo genérico p/ que possa ser adicionado alguma observação no histórico\", \"state\": \"incomplete\", \"nameData\": null, \"idChecklist\": \"5c59dc6cddb1261e1434a4bb\"}, {\"id\": \"5c59dc6cddb1261e1434a4c3\", \"pos\": 201622, \"name\": \"Adicionar coluna \\\"Histórico\\\" na listagem de entregas, com botão para a visualização da modal \", \"state\": \"incomplete\", \"nameData\": null, \"idChecklist\": \"5c59dc6cddb1261e1434a4bb\"}, {\"id\": \"5c59dc6cddb1261e1434a4c4\", \"pos\": 235105, \"name\": \"Visualização do botão \\\"Histórico\\\" dentro do extrato do pedido\", \"state\": \"incomplete\", \"nameData\": null, \"idChecklist\": \"5c59dc6cddb1261e1434a4bb\"}, {\"id\": \"5c59dc6cddb1261e1434a4c5\", \"pos\": 133749.5, \"name\": \"Visualização da modal de histórico\", \"state\": \"incomplete\", \"nameData\": null, \"idChecklist\": \"5c59dc6cddb1261e1434a4bb\"}]',73,'A'),(15,'5c5c0a2d0e445e1412c9a0ea','Checklist','[{\"id\": \"5c5c0a3538af6a5283746eb6\", \"pos\": 16640, \"name\": \"Deixar visivel full time durante as validações a possibilidade de realizar o download do contrato em seu modelo generico. (possiveis soluções: 1) Groot retornar o \\\"bucke/path/filename\\\" do arquivo no S3 e o Eagle realiza o download no momento do click; 2) O Eagle armarzenar o modelo generico em seu próprio S3)\", \"state\": \"incomplete\", \"nameData\": null, \"idChecklist\": \"5c5c0a2d0e445e1412c9a0ea\"}, {\"id\": \"5c5c0a3ebf97c7763d9a7b9e\", \"pos\": 33172, \"name\": \"Na validação de Dados Cadastrais, onde a  transportadora preenche CNPJ e emails de contato, antes de finalizar, exibir um modal comunicando sobre a importancia do preenchimento de CNPJ filiais. Segue texto abaixo: \\\"Todos os pagamentos são efetuados somente com os CNPJ de filais cadastrados no sistema. Favor verificar se todos os CNPJ estão cadastrados\\\"\", \"state\": \"incomplete\", \"nameData\": {\"emoji\": {}}, \"idChecklist\": \"5c5c0a2d0e445e1412c9a0ea\"}, {\"id\": \"5c5c0a3ec837d94bafda3224\", \"pos\": 149152, \"name\": \"\\\"Todos os pagamentos são efetuados somente com os CNPJ de filais cadastrados no sistema. Favor verificar se todos os CNPJ estão cadastrados\\\"\", \"state\": \"complete\", \"nameData\": null, \"idChecklist\": \"5c5c0a2d0e445e1412c9a0ea\"}, {\"id\": \"5c5c0a46a82ab78e186a5f27\", \"pos\": 66735, \"name\": \"Será adicionado uma nova validação onde a transportadora anexará alguns documentos, são eles: DRE, Balanço Patrimonial e atestado de capacidade (3 diferentes)\", \"state\": \"incomplete\", \"nameData\": {\"emoji\": {}}, \"idChecklist\": \"5c5c0a2d0e445e1412c9a0ea\"}, {\"id\": \"5c5c0a5cfda6485ad0381544\", \"pos\": 83616, \"name\": \"Adicionar \\\"Pendência\\\": Operações, que incluirá steps de visita ao CD, treinamento no Eagle com t2 e treinamento no Eagle com t3.\", \"state\": \"incomplete\", \"nameData\": null, \"idChecklist\": \"5c5c0a2d0e445e1412c9a0ea\"}]',50,'A'),(16,'5c4f2e516ba09b238ea94653','Checklist','[{\"id\": \"5c4f2e53da3b56734a7ed706\", \"pos\": 16663, \"name\": \"Incluir novos motivos de insucesso na Entrega;\", \"state\": \"incomplete\", \"nameData\": null, \"idChecklist\": \"5c4f2e516ba09b238ea94653\"}, {\"id\": \"5c4f2e5d7128dc5b50a9097f\", \"pos\": 149302, \"name\": \"Incluir Validações do processo de Cliente Ausente;\", \"state\": \"complete\", \"nameData\": null, \"idChecklist\": \"5c4f2e516ba09b238ea94653\"}, {\"id\": \"5c4f2e6596c4df8b7cd25ac4\", \"pos\": 50039, \"name\": \"Na validação de cliente ausente, se não existir EDI solicita informar manualmente habilitando o botão ‘Informar Ocorrência’ que abre a modal;\", \"state\": \"incomplete\", \"nameData\": null, \"idChecklist\": \"5c4f2e516ba09b238ea94653\"}, {\"id\": \"5c4f2e6fa6cd564af98d67f1\", \"pos\": 66466, \"name\": \"Incluir Validações do processo de Endereço não Localizado\", \"state\": \"complete\", \"nameData\": null, \"idChecklist\": \"5c4f2e516ba09b238ea94653\"}, {\"id\": \"5c4f2e7721468d31e82802c7\", \"pos\": 83766, \"name\": \"ESTIMATIVA: 6 dias;\", \"state\": \"incomplete\", \"nameData\": null, \"idChecklist\": \"5c4f2e516ba09b238ea94653\"}]',36,'A'),(17,'5c630445ca783d0cb7f61cb0','Validações Devolução [Cliente Ausente]','[{\"id\": \"5c630615f739b94259e2bc92\", \"pos\": 17110, \"name\": \"Fluxo 1\", \"state\": \"complete\", \"nameData\": {\"emoji\": {}}, \"idChecklist\": \"5c630445ca783d0cb7f61cb0\"}, {\"id\": \"5c63063e5b806120c3e9e37c\", \"pos\": 34363, \"name\": \"Fluxo 2\", \"state\": \"complete\", \"nameData\": {\"emoji\": {}}, \"idChecklist\": \"5c630445ca783d0cb7f61cb0\"}, {\"id\": \"5c6306f376df8f41f1aad443\", \"pos\": 68553, \"name\": \"Fluxo 3\", \"state\": \"complete\", \"nameData\": {\"emoji\": {}}, \"idChecklist\": \"5c630445ca783d0cb7f61cb0\"}, {\"id\": \"5c6307d97a2208413238e6e8\", \"pos\": 85293, \"name\": \"Fluxo 4\", \"state\": \"complete\", \"nameData\": {\"emoji\": {}}, \"idChecklist\": \"5c630445ca783d0cb7f61cb0\"}, {\"id\": \"5c630854753319878d1f4cf4\", \"pos\": 101714, \"name\": \"Fluxo 5\", \"state\": \"complete\", \"nameData\": {\"emoji\": {}}, \"idChecklist\": \"5c630445ca783d0cb7f61cb0\"}, {\"id\": \"5c63099b16b507721433f13e\", \"pos\": 118876, \"name\": \"Fluxo 6\", \"state\": \"complete\", \"nameData\": null, \"idChecklist\": \"5c630445ca783d0cb7f61cb0\"}]',36,'A'),(18,'5c630456a9a15c24af696060','Validações Devolução [Endereço não Encontrado]','[{\"id\": \"5c6403db85b8674dff62267b\", \"pos\": 17046, \"name\": \"Fluxo 1\", \"state\": \"complete\", \"nameData\": null, \"idChecklist\": \"5c630456a9a15c24af696060\"}, {\"id\": \"5c6403dc9480723afe00a02e\", \"pos\": 33946, \"name\": \"Fluxo 2\", \"state\": \"complete\", \"nameData\": null, \"idChecklist\": \"5c630456a9a15c24af696060\"}, {\"id\": \"5c6403df57ec483cfc23544f\", \"pos\": 50921, \"name\": \"Fluxo 3\", \"state\": \"complete\", \"nameData\": null, \"idChecklist\": \"5c630456a9a15c24af696060\"}, {\"id\": \"5c6403e22b2cc26eb2362661\", \"pos\": 68089, \"name\": \"Fluxo 4\", \"state\": \"complete\", \"nameData\": null, \"idChecklist\": \"5c630456a9a15c24af696060\"}]',36,'A'),(19,'5c63049537fe4d5274c290ed','Fluxos em comum','[{\"id\": \"5c6304f44b57408ec1fdc7aa\", \"pos\": 101337, \"name\": \"FLUXO GERAL 1\", \"state\": \"complete\", \"nameData\": {\"emoji\": {}}, \"idChecklist\": \"5c63049537fe4d5274c290ed\"}, {\"id\": \"5c63055d243aef139e9d5784\", \"pos\": 117750, \"name\": \"FLUXO GERAL 2\", \"state\": \"complete\", \"nameData\": {\"emoji\": {}}, \"idChecklist\": \"5c63049537fe4d5274c290ed\"}, {\"id\": \"5c6305b1e428a96ed043c588\", \"pos\": 134941, \"name\": \"FLUXO GERAL 3\", \"state\": \"complete\", \"nameData\": {\"emoji\": {}}, \"idChecklist\": \"5c63049537fe4d5274c290ed\"}]',36,'A'),(20,'5c6321255e6fff563816d87e','Metodos','[{\"id\": \"5c63204e65c57c6f66d0e29b\", \"pos\": 96049.375, \"name\": \"Validar se [Tem EDI DE SAIDA P/ENTREGA]\", \"state\": \"complete\", \"nameData\": null, \"idChecklist\": \"5c6321255e6fff563816d87e\"}, {\"id\": \"5c6304b5fb8ff87ac5311446\", \"pos\": 161585.375, \"name\": \"Validar se [Já solicitou Solicitação de Dados Adicionais]\", \"state\": \"complete\", \"nameData\": null, \"idChecklist\": \"5c6321255e6fff563816d87e\"}, {\"id\": \"5c630a86ee50ff455bf9649f\", \"pos\": 227121.375, \"name\": \"Validar se [Dados Adicionais foram respondidos]\", \"state\": \"complete\", \"nameData\": null, \"idChecklist\": \"5c6321255e6fff563816d87e\"}, {\"id\": \"5c631f52ec5906407e93f965\", \"pos\": 292657.375, \"name\": \"Persistência [Solicitação de Devolução] | Status: \\\"Aguardando Madeira\\\" e \\\"Recusado\\\"\", \"state\": \"complete\", \"nameData\": null, \"idChecklist\": \"5c6321255e6fff563816d87e\"}, {\"id\": \"5c630a926a47b612d51ced6f\", \"pos\": 128817.375, \"name\": \"Validar Se [Tentou Entregar]\", \"state\": \"complete\", \"nameData\": null, \"idChecklist\": \"5c6321255e6fff563816d87e\"}, {\"id\": \"5c632164a04cde4ce459eb12\", \"pos\": 309243.375, \"name\": \"Ação [Solicitar Dados Adicionais]\", \"state\": \"complete\", \"nameData\": null, \"idChecklist\": \"5c6321255e6fff563816d87e\"}, {\"id\": \"5c6321d34e242d1b60afd872\", \"pos\": 326063.375, \"name\": \"Validar Se [Houve tentativa de entrega]\", \"state\": \"complete\", \"nameData\": null, \"idChecklist\": \"5c6321255e6fff563816d87e\"}, {\"id\": \"5c6323d15255a756993ff26c\", \"pos\": 343301.375, \"name\": \"Valida se [Se as três datas do cliente foram informadas pela transportadora]\", \"state\": \"complete\", \"nameData\": null, \"idChecklist\": \"5c6321255e6fff563816d87e\"}, {\"id\": \"5c64119927970a8f7d20cf05\", \"pos\": 360477.375, \"name\": \"Persistência [Abertura de Sac de Cancelamento]\", \"state\": \"incomplete\", \"nameData\": null, \"idChecklist\": \"5c6321255e6fff563816d87e\"}, {\"id\": \"5c65cb811ec89e04038da6f1\", \"pos\": 377291.375, \"name\": \"Validar se o Cliente selecionou uma data desejada, das quais a transportadora informou.\", \"state\": \"complete\", \"nameData\": null, \"idChecklist\": \"5c6321255e6fff563816d87e\"}]',36,'A'),(21,'5c4b36a9a0fb144e88f77a51','Checklist','[{\"id\": \"5c4b36a9a0fb144e88f77a52\", \"pos\": 16584, \"name\": \"Criar nova \\\"caixa\\\" indicador no dashboard do portal fornecedores **Coletas Pendentes**\", \"state\": \"complete\", \"nameData\": null, \"idChecklist\": \"5c4b36a9a0fb144e88f77a51\"}, {\"id\": \"5c4b36a9a0fb144e88f77a53\", \"pos\": 33161, \"name\": \"Gerar link ao clicar em **coletas pendente** direcione para tela de **listagem de pendências**\", \"state\": \"complete\", \"nameData\": null, \"idChecklist\": \"5c4b36a9a0fb144e88f77a51\"}, {\"id\": \"5c4b36a9a0fb144e88f77a54\", \"pos\": 49861, \"name\": \"Criar tela **listagem de pendências** contendo as pendências/anomalias geradas nas conferências 1 e 2\", \"state\": \"complete\", \"nameData\": null, \"idChecklist\": \"5c4b36a9a0fb144e88f77a51\"}, {\"id\": \"5c4b36a9a0fb144e88f77a55\", \"pos\": 66912, \"name\": \"Habilitar opção de justificativa em massa\", \"state\": \"incomplete\", \"nameData\": null, \"idChecklist\": \"5c4b36a9a0fb144e88f77a51\"}, {\"id\": \"5c4b36a9a0fb144e88f77a56\", \"pos\": 83600, \"name\": \"Habilitar filtro por tipo de anomalia\", \"state\": \"incomplete\", \"nameData\": null, \"idChecklist\": \"5c4b36a9a0fb144e88f77a51\"}, {\"id\": \"5c4b36a9a0fb144e88f77a57\", \"pos\": 100024, \"name\": \"Habilitar filtro por status de anomalia\", \"state\": \"incomplete\", \"nameData\": null, \"idChecklist\": \"5c4b36a9a0fb144e88f77a51\"}, {\"id\": \"5c4b36a9a0fb144e88f77a58\", \"pos\": 117334, \"name\": \"Habilitar opção de download da listagem de pendências\", \"state\": \"incomplete\", \"nameData\": null, \"idChecklist\": \"5c4b36a9a0fb144e88f77a51\"}, {\"id\": \"5c4b36a9a0fb144e88f77a59\", \"pos\": 108679, \"name\": \"Manter na exibição padrão status aguardando\", \"state\": \"incomplete\", \"nameData\": null, \"idChecklist\": \"5c4b36a9a0fb144e88f77a51\"}, {\"id\": \"5c4b36a9a0fb144e88f77a5a\", \"pos\": 113006.5, \"name\": \"Manter na exibição padrão todas as anomalias\", \"state\": \"incomplete\", \"nameData\": null, \"idChecklist\": \"5c4b36a9a0fb144e88f77a51\"}, {\"id\": \"5c4b36a9a0fb144e88f77a5b\", \"pos\": 134339, \"name\": \"Criar box para justificativa de pendências com lista de justificativas (Material entregue corretamente , O material localizado e disponível para coleta) \", \"state\": \"incomplete\", \"nameData\": null, \"idChecklist\": \"5c4b36a9a0fb144e88f77a51\"}, {\"id\": \"5c4b36a9a0fb144e88f77a5c\", \"pos\": 151070, \"name\": \"Associar status aguardando a pendências não justificadas\", \"state\": \"incomplete\", \"nameData\": null, \"idChecklist\": \"5c4b36a9a0fb144e88f77a51\"}, {\"id\": \"5c4b36a9a0fb144e88f77a5d\", \"pos\": 168226, \"name\": \"Associar status concluído a pendências justificadas\", \"state\": \"incomplete\", \"nameData\": null, \"idChecklist\": \"5c4b36a9a0fb144e88f77a51\"}, {\"id\": \"5c4b36a9a0fb144e88f77a5e\", \"pos\": 184820, \"name\": \"Habilitar filtro geral (fornecedor, NF, produto)\", \"state\": \"incomplete\", \"nameData\": null, \"idChecklist\": \"5c4b36a9a0fb144e88f77a51\"}, {\"id\": \"5c4b36a9a0fb144e88f77a5f\", \"pos\": 201391, \"name\": \"Interligar respostas do portal fornecedor com a resolução a ser informada no Eagle\", \"state\": \"incomplete\", \"nameData\": null, \"idChecklist\": \"5c4b36a9a0fb144e88f77a51\"}]',37,'A'),(22,'5c4b4ed4373c70717e9ea935','Timeline de operação','[{\"id\": \"5c4b4efffba31c240b372c3b\", \"pos\": 16524, \"name\": \"Criar consulta para visão transportadora / ou modificar query para visão transportadora\", \"state\": \"complete\", \"nameData\": null, \"idChecklist\": \"5c4b4ed4373c70717e9ea935\"}, {\"id\": \"5c4b50acbe98ca5a759557ef\", \"pos\": 12393, \"name\": \"Adicionar o campo pesquisa de bip por NF Front End\", \"state\": \"complete\", \"nameData\": null, \"idChecklist\": \"5c4b4ed4373c70717e9ea935\"}, {\"id\": \"5c4b50c457633a2097f83258\", \"pos\": 133606, \"name\": \"Modificar query para contemplar a pesquisa por NF (Bulma)\", \"state\": \"complete\", \"nameData\": null, \"idChecklist\": \"5c4b4ed4373c70717e9ea935\"}, {\"id\": \"5c4b5265f65e74702527b81e\", \"pos\": 249239, \"name\": \"Cruzar dados de conferências e coletas para identificar o que foi bipado ou não\", \"state\": \"incomplete\", \"nameData\": null, \"idChecklist\": \"5c4b4ed4373c70717e9ea935\"}, {\"id\": \"5c4b52dae9bf383159845f37\", \"pos\": 183703, \"name\": \"Na visão cliente adicionar as informações Entregue no prazo|Entregue atrasado\", \"state\": \"complete\", \"nameData\": null, \"idChecklist\": \"5c4b4ed4373c70717e9ea935\"}, {\"id\": \"5c50270f8e46ad8a77d4436f\", \"pos\": 8262, \"name\": \"Montar layout front end do tooltip no Javascript\", \"state\": \"complete\", \"nameData\": null, \"idChecklist\": \"5c4b4ed4373c70717e9ea935\"}, {\"id\": \"5c656bd8524e135f9a02aac8\", \"pos\": 266500, \"name\": \"Exportar para o excel\", \"state\": \"incomplete\", \"nameData\": null, \"idChecklist\": \"5c4b4ed4373c70717e9ea935\"}, {\"id\": \"5c65863641a6da726929fe25\", \"pos\": 216471, \"name\": \"Buscar dados da operação na bulma\", \"state\": \"complete\", \"nameData\": null, \"idChecklist\": \"5c4b4ed4373c70717e9ea935\"}, {\"id\": \"5c65e596d20e4c0dadb1cd6f\", \"pos\": 224663, \"name\": \"BUSCAR TRANSPORTADORAS E FORNECEDORES QUE ESTIVEREM NA OPERACAO CONSOLIDADOR\", \"state\": \"complete\", \"nameData\": null, \"idChecklist\": \"5c4b4ed4373c70717e9ea935\"}, {\"id\": \"5c65e59dd06ef7547386865b\", \"pos\": 241047, \"name\": \"BUSCAR COLETAS REFERENTES AOS FORNECEDORES E TRANSPORTADORAS DO CONSOLIDADOR (COM PESO)\", \"state\": \"complete\", \"nameData\": null, \"idChecklist\": \"5c4b4ed4373c70717e9ea935\"}, {\"id\": \"5c65e5a0ea0d956235e5ecb1\", \"pos\": 245143, \"name\": \"BUSCAR PRAZOS DAS MOVIMENTACOES NA BULMA\", \"state\": \"complete\", \"nameData\": null, \"idChecklist\": \"5c4b4ed4373c70717e9ea935\"}, {\"id\": \"5c65e5a7fbd30e8bff991869\", \"pos\": 232855, \"name\": \"BUSCAR CONFERENCIAS REFERENTES AS COLETAS NA BULMA (COLETA => DATA DO BIP)\", \"state\": \"complete\", \"nameData\": null, \"idChecklist\": \"5c4b4ed4373c70717e9ea935\"}]',39,'A'),(23,'5c4b562f5dd01657a31319cd','Controle de coletas, transferência e entregas','[{\"id\": \"5c4b5692af50c821fe9c825a\", \"pos\": 16981, \"name\": \"Reformular o quadro de Coleta, Transferência e Recebimento\", \"state\": \"complete\", \"nameData\": null, \"idChecklist\": \"5c4b562f5dd01657a31319cd\"}, {\"id\": \"5c4b574f6344b60e289e0494\", \"pos\": 76852, \"name\": \"Analisar dados do backend para montar query\", \"state\": \"incomplete\", \"nameData\": null, \"idChecklist\": \"5c4b562f5dd01657a31319cd\"}, {\"id\": \"5c4b5b845024f11516069d62\", \"pos\": 51190, \"name\": \"Implementar query para consolidar dados por Fornecedor, Transportadora e Consolidadora (Visão MM e Consolidadora)\", \"state\": \"complete\", \"nameData\": {\"emoji\": {}}, \"idChecklist\": \"5c4b562f5dd01657a31319cd\"}, {\"id\": \"5c4b5c1832279e3b94dfaad3\", \"pos\": 68438, \"name\": \"Criar template para visão detalhada dos dados\", \"state\": \"complete\", \"nameData\": null, \"idChecklist\": \"5c4b562f5dd01657a31319cd\"}, {\"id\": \"5c4b5e4fb30ccb0ed07dae72\", \"pos\": 85266, \"name\": \"Implementar Excel com base nas colunas Atrasada|Vence Hoje|D+5\", \"state\": \"incomplete\", \"nameData\": null, \"idChecklist\": \"5c4b562f5dd01657a31319cd\"}, {\"id\": \"5c4b5ec8f5ca3069e543634a\", \"pos\": 102279, \"name\": \"Implementar JS para detalhamento\", \"state\": \"incomplete\", \"nameData\": {\"emoji\": {}}, \"idChecklist\": \"5c4b562f5dd01657a31319cd\"}]',39,'A'),(24,'5c5986858fcad38664ad0585','Checklist Manutenção','[{\"id\": \"5c59868c7481dd1d7a1a93f5\", \"pos\": 16630, \"name\": \"BackOffice\\tMigrar da aba Geral para Abertos o SLA Aberto (grafico e painel Volume/Status em aberto)\", \"state\": \"complete\", \"nameData\": {\"emoji\": {}}, \"idChecklist\": \"5c5986858fcad38664ad0585\"}, {\"id\": \"5c5986917ab075466704e041\", \"pos\": 34017, \"name\": \"BackOffice\\tExcluir a aba Geral\", \"state\": \"complete\", \"nameData\": {\"emoji\": {}}, \"idChecklist\": \"5c5986858fcad38664ad0585\"}, {\"id\": \"5c598695e5fcbc1180b1c0e1\", \"pos\": 51017, \"name\": \"BackOffice\\tRenomear as metas para Metas 2018\", \"state\": \"complete\", \"nameData\": {\"emoji\": {}}, \"idChecklist\": \"5c5986858fcad38664ad0585\"}, {\"id\": \"5c59869888911b8907948c0b\", \"pos\": 67735, \"name\": \"BackOffice\\tConstruir nova aba painel das \\\"Metas 2019\\\"\", \"state\": \"incomplete\", \"nameData\": {\"emoji\": {}}, \"idChecklist\": \"5c5986858fcad38664ad0585\"}, {\"id\": \"5c59869c4666f33116fe7d51\", \"pos\": 84642, \"name\": \"Reversa\\tRenomear as metas para Metas 2018\", \"state\": \"complete\", \"nameData\": {\"emoji\": {}}, \"idChecklist\": \"5c5986858fcad38664ad0585\"}, {\"id\": \"5c5986a6a5a786262134f0c3\", \"pos\": 101363, \"name\": \"Reversa\\tConstruir nova aba painel das \\\"Metas 2019\\\"\", \"state\": \"incomplete\", \"nameData\": {\"emoji\": {}}, \"idChecklist\": \"5c5986858fcad38664ad0585\"}, {\"id\": \"5c5987214fcd9180304fc920\", \"pos\": 117878, \"name\": \"Devolução\\tRenomear as metas para Metas 2018\", \"state\": \"complete\", \"nameData\": null, \"idChecklist\": \"5c5986858fcad38664ad0585\"}, {\"id\": \"5c59872546dbdf460c327bd3\", \"pos\": 134381, \"name\": \"Devolução\\tConstruir nova aba painel das \\\"Metas 2019\\\"\", \"state\": \"complete\", \"nameData\": null, \"idChecklist\": \"5c5986858fcad38664ad0585\"}, {\"id\": \"5c59873c7e67a8298402aa73\", \"pos\": 151653, \"name\": \"Devolução\\tMetas Andreia\", \"state\": \"incomplete\", \"nameData\": null, \"idChecklist\": \"5c5986858fcad38664ad0585\"}, {\"id\": \"5c5db6a67570dd030cd81e75\", \"pos\": 169046, \"name\": \"Reversa\\tTratativas em andamento, fazer a correção da data de entrada\", \"state\": \"complete\", \"nameData\": null, \"idChecklist\": \"5c5986858fcad38664ad0585\"}, {\"id\": \"5c5db6c434b56d295c35f0dc\", \"pos\": 185859, \"name\": \"Reversa\\tSLA da reversa, fazer com base na entrada e não na abertura do protocolo\", \"state\": \"complete\", \"nameData\": null, \"idChecklist\": \"5c5986858fcad38664ad0585\"}]',41,'A'),(25,'5c598f559315b80ca8637153','Checklist (datas)','[{\"id\": \"5c598f6939a5f67e2a2f3280\", \"pos\": 16440, \"name\": \"08/01\", \"state\": \"complete\", \"nameData\": null, \"idChecklist\": \"5c598f559315b80ca8637153\"}, {\"id\": \"5c598f76039fa162229aa64a\", \"pos\": 33250, \"name\": \"11/01\", \"state\": \"complete\", \"nameData\": null, \"idChecklist\": \"5c598f559315b80ca8637153\"}, {\"id\": \"5c598f7bcc821748bd08f941\", \"pos\": 49771, \"name\": \"12/01\", \"state\": \"complete\", \"nameData\": null, \"idChecklist\": \"5c598f559315b80ca8637153\"}, {\"id\": \"5c598f7fefefda2f7bdddb35\", \"pos\": 66491, \"name\": \"13/01\", \"state\": \"complete\", \"nameData\": null, \"idChecklist\": \"5c598f559315b80ca8637153\"}, {\"id\": \"5c598f820d01057f9003b8b0\", \"pos\": 83738, \"name\": \"14/01\", \"state\": \"complete\", \"nameData\": null, \"idChecklist\": \"5c598f559315b80ca8637153\"}, {\"id\": \"5c598f86fd20df518f127eb9\", \"pos\": 100759, \"name\": \"15/01\", \"state\": \"complete\", \"nameData\": null, \"idChecklist\": \"5c598f559315b80ca8637153\"}, {\"id\": \"5c598f8aea3ea947f81c6e26\", \"pos\": 117842, \"name\": \"18/01\", \"state\": \"complete\", \"nameData\": null, \"idChecklist\": \"5c598f559315b80ca8637153\"}, {\"id\": \"5c598f8d46bb1e2f49f0af24\", \"pos\": 134360, \"name\": \"19/01\", \"state\": \"complete\", \"nameData\": null, \"idChecklist\": \"5c598f559315b80ca8637153\"}, {\"id\": \"5c598f945f396d2741d8aec2\", \"pos\": 151075, \"name\": \"20/01\", \"state\": \"complete\", \"nameData\": null, \"idChecklist\": \"5c598f559315b80ca8637153\"}, {\"id\": \"5c598f97dd7048460aebfcdf\", \"pos\": 167614, \"name\": \"21/01\", \"state\": \"complete\", \"nameData\": null, \"idChecklist\": \"5c598f559315b80ca8637153\"}, {\"id\": \"5c598f9b0997c16b6d8fb474\", \"pos\": 184016, \"name\": \"22/01\", \"state\": \"complete\", \"nameData\": null, \"idChecklist\": \"5c598f559315b80ca8637153\"}, {\"id\": \"5c598f9e4e1594493173c7a0\", \"pos\": 201143, \"name\": \"25/01\", \"state\": \"complete\", \"nameData\": null, \"idChecklist\": \"5c598f559315b80ca8637153\"}, {\"id\": \"5c598fa268ff8511dc8d6231\", \"pos\": 217863, \"name\": \"26/01\", \"state\": \"complete\", \"nameData\": null, \"idChecklist\": \"5c598f559315b80ca8637153\"}, {\"id\": \"5c598fa567d8482ab86cc459\", \"pos\": 234361, \"name\": \"27/01\", \"state\": \"complete\", \"nameData\": null, \"idChecklist\": \"5c598f559315b80ca8637153\"}, {\"id\": \"5c598fa84ad8a8316b439386\", \"pos\": 251594, \"name\": \"28/01\", \"state\": \"complete\", \"nameData\": null, \"idChecklist\": \"5c598f559315b80ca8637153\"}, {\"id\": \"5c598facd4fbc93007518fb2\", \"pos\": 268068, \"name\": \"01/02\", \"state\": \"complete\", \"nameData\": null, \"idChecklist\": \"5c598f559315b80ca8637153\"}, {\"id\": \"5c6174d241f080720a047d0b\", \"pos\": 285246, \"name\": \"11/02\", \"state\": \"complete\", \"nameData\": null, \"idChecklist\": \"5c598f559315b80ca8637153\"}, {\"id\": \"5c646613705b762866061e7a\", \"pos\": 302339, \"name\": \"13/02\", \"state\": \"complete\", \"nameData\": null, \"idChecklist\": \"5c598f559315b80ca8637153\"}, {\"id\": \"5c65adb58eed767af1c5e201\", \"pos\": 319620, \"name\": \"14/02\", \"state\": \"complete\", \"nameData\": null, \"idChecklist\": \"5c598f559315b80ca8637153\"}]',42,'A'),(26,'5c4f2f98997f473e0bc5fdc0','Checklist','[{\"id\": \"5c4f2f9abc4cb3177a80faa7\", \"pos\": 17181, \"name\": \"Adicionar dados do log de mensageria\", \"state\": \"complete\", \"nameData\": null, \"idChecklist\": \"5c4f2f98997f473e0bc5fdc0\"}, {\"id\": \"5c5c7c03f75a234b43b7b3f4\", \"pos\": 34542, \"name\": \"#### Insucesso de Entrega/Cliente Ausente #### Consumir a classe HistoricoService método incluirHistorico solicitação de mais informações. Definir padrão da mensagem, e deixar de forma a Distinguir se foi enviada por SMS ou Email. Exemplo: \\\"Contato SMS:  TEXTO HISTORICO\\\"\", \"state\": \"complete\", \"nameData\": {\"emoji\": {}}, \"idChecklist\": \"5c4f2f98997f473e0bc5fdc0\"}, {\"id\": \"5c5c7e407241a3521fa3c84b\", \"pos\": 51538, \"name\": \"#### Insucesso de Entrega/Endereço não localizado #### Consumir a classe HistoricoService método incluirHistorico solicitação de mais informações. Definir padrão da mensagem, e deixar de forma a Distinguir se foi enviada por SMS ou Email. Exemplo: \\\"Contato SMS:  TEXTO HISTORICO\", \"state\": \"complete\", \"nameData\": {\"emoji\": {}}, \"idChecklist\": \"5c4f2f98997f473e0bc5fdc0\"}, {\"id\": \"5c5c905fb86b301ba5ce9d21\", \"pos\": 68348, \"name\": \"Padronizar Mensagem deixando reaproveitavel para os dois motivos de Insucesso na entraga / Cliente ausente e Endereço não localizado: Exemplo: Solicitado os dados adicionais ao cliente via {$contatos = array(\\\"EMAIL\\\", \\\"SMS\\\", \\\"WHATS\\\")};\", \"state\": \"complete\", \"nameData\": {\"emoji\": {}}, \"idChecklist\": \"5c4f2f98997f473e0bc5fdc0\"}, {\"id\": \"5c5c914507a415603c2155ca\", \"pos\": 8590.5, \"name\": \"Levantar os COMANDS aonde é feita a solicitação dos Dados Adicionais.\", \"state\": \"complete\", \"nameData\": null, \"idChecklist\": \"5c4f2f98997f473e0bc5fdc0\"}, {\"id\": \"5c5db2bd5168c675f2644c2d\", \"pos\": 102128, \"name\": \"Retirar Log da Controller -> ExtractController: 752 ocorrencia: SOLICITADO_DADOS_ADICIONAIS\\t: 66\", \"state\": \"complete\", \"nameData\": {\"emoji\": {}}, \"idChecklist\": \"5c4f2f98997f473e0bc5fdc0\"}, {\"id\": \"5c5dcfe3b35c5129a51aba56\", \"pos\": 118869, \"name\": \"Incluir o log Retirado da Controller e Deixar no Comand: eagle:fluxo-sms-email-solicitacao-contato -> App\\\\Console\\\\Commands\\\\Fluxos\\\\SmsEmailSolicitacaoDados\", \"state\": \"complete\", \"nameData\": null, \"idChecklist\": \"5c4f2f98997f473e0bc5fdc0\"}, {\"id\": \"5c5dd021c240a87e99573495\", \"pos\": 135962, \"name\": \"Incluir o Log SmsEmailClienteAusente.php\", \"state\": \"complete\", \"nameData\": null, \"idChecklist\": \"5c4f2f98997f473e0bc5fdc0\"}, {\"id\": \"5c61a04c40cba477e26fa969\", \"pos\": 153222, \"name\": \"Envio de SMS (Insucesso de entrega / Cliente Ausente) classe: namespace App\\\\Console\\\\Commands;\", \"state\": \"complete\", \"nameData\": null, \"idChecklist\": \"5c4f2f98997f473e0bc5fdc0\"}]',51,'A'),(27,'5c61731b90e43d815f21bc93','Cenário de Execução dos Processos.','[{\"id\": \"5c617362ea18e47bbcc9dd9e\", \"pos\": 17163, \"name\": \"(Endereço não encontrado) Solicitação de dados adicionais via Rotina: eagle:fluxo-sms-email-solicitacao-contato;\", \"state\": \"complete\", \"nameData\": {\"emoji\": {}}, \"idChecklist\": \"5c61731b90e43d815f21bc93\"}, {\"id\": \"5c6173c6e01bff1eac6a2cd9\", \"pos\": 34383, \"name\": \"(Cliente Ausente) Solicitação de dados adicionais via Rotina:  eagle:fluxo-sms-email-cliente-ausente; Classe: SmsEmailClienteAusente\", \"state\": \"complete\", \"nameData\": {\"emoji\": {}}, \"idChecklist\": \"5c61731b90e43d815f21bc93\"}, {\"id\": \"5c6174190bfcdc19f053c2de\", \"pos\": 51307, \"name\": \"Solicitar Dados Adicionais via Tela.\", \"state\": \"complete\", \"nameData\": null, \"idChecklist\": \"5c61731b90e43d815f21bc93\"}, {\"id\": \"5c61a0748df9a626398c7828\", \"pos\": 68431, \"name\": \"(Cliente Ausente) (Cliente Ausente) Solicitação de dados adicionais via Rotina: eagle:sms; Classe: SMS.\", \"state\": \"complete\", \"nameData\": {\"emoji\": {}}, \"idChecklist\": \"5c61731b90e43d815f21bc93\"}]',51,'A'),(28,'5c598dda97734f40c85cabdd','Checklist','[{\"id\": \"5c59900543f99559499d1cba\", \"pos\": 16676, \"name\": \"Eagle > Entregas > Devoluções: Incluir novos motivos de recusa de solicitação de devolução.\", \"state\": \"complete\", \"nameData\": {\"emoji\": {}}, \"idChecklist\": \"5c598dda97734f40c85cabdd\"}, {\"id\": \"5c5990656b81d757fa39e406\", \"pos\": 33726, \"name\": \"Eagle > Entregas > Devoluções > Visualizar > Recusar Devolução: Aplicar RN1.\", \"state\": \"complete\", \"nameData\": {\"emoji\": {}}, \"idChecklist\": \"5c598dda97734f40c85cabdd\"}, {\"id\": \"5c5990737774d562273cbeba\", \"pos\": 51049, \"name\": \"Eagle > Entregas > Devoluções > Visualizar > Recusar Devolução: Aplicar RN2.\", \"state\": \"complete\", \"nameData\": null, \"idChecklist\": \"5c598dda97734f40c85cabdd\"}, {\"id\": \"5c5990797774d562273cbff6\", \"pos\": 68435, \"name\": \"Eagle > Entregas > Devoluções > Visualizar > Recusar Devolução: Aplicar RN3.\", \"state\": \"complete\", \"nameData\": null, \"idChecklist\": \"5c598dda97734f40c85cabdd\"}, {\"id\": \"5c59907fc76edb375a2b77d8\", \"pos\": 84906, \"name\": \"Eagle > Entregas > Devoluções > Visualizar > Recusar Devolução: Aplicar RN4.\", \"state\": \"complete\", \"nameData\": null, \"idChecklist\": \"5c598dda97734f40c85cabdd\"}, {\"id\": \"5c59910db3d2ed6d9cd0f340\", \"pos\": 102261, \"name\": \"Gerar Script(Command) que rode todos os dias, uma vez ao dia que identifique todas as Devoluções em aberto com status \\\"Pendente Autorização MadeiraMadeira \\\" para aplicar regras.\", \"state\": \"complete\", \"nameData\": null, \"idChecklist\": \"5c598dda97734f40c85cabdd\"}, {\"id\": \"5c59911f3e0ea76432848d2c\", \"pos\": 119420, \"name\": \"Script: Aplicar RN1;\", \"state\": \"complete\", \"nameData\": null, \"idChecklist\": \"5c598dda97734f40c85cabdd\"}, {\"id\": \"5c599124ae607953a9df9a23\", \"pos\": 136297, \"name\": \"Script: Aplicar RN2;\", \"state\": \"complete\", \"nameData\": null, \"idChecklist\": \"5c598dda97734f40c85cabdd\"}, {\"id\": \"5c599127b13f257f1fce9031\", \"pos\": 152890, \"name\": \"Script: Aplicar RN3;\", \"state\": \"complete\", \"nameData\": null, \"idChecklist\": \"5c598dda97734f40c85cabdd\"}, {\"id\": \"5c59912bc0d27949be8da739\", \"pos\": 169738, \"name\": \"Script: Aplicar RN4;\", \"state\": \"complete\", \"nameData\": null, \"idChecklist\": \"5c598dda97734f40c85cabdd\"}]',52,'A'),(29,'5c631f274621d82d9d963353','Checklist','[{\"id\": \"5c631f2e9f9f0c3f4434bea5\", \"pos\": 16402, \"name\": \"dash - atrasos criticos\", \"state\": \"complete\", \"nameData\": null, \"idChecklist\": \"5c631f274621d82d9d963353\"}, {\"id\": \"5c631f39491462245713b64f\", \"pos\": 33725, \"name\": \"dash - OCs na UTI\", \"state\": \"complete\", \"nameData\": null, \"idChecklist\": \"5c631f274621d82d9d963353\"}, {\"id\": \"5c631f4a3e2eb1195e7e78e7\", \"pos\": 50769, \"name\": \"dash - OC\'s em Aberto\", \"state\": \"complete\", \"nameData\": null, \"idChecklist\": \"5c631f274621d82d9d963353\"}, {\"id\": \"5c63200df6f04c6c5791faf5\", \"pos\": 25063.5, \"name\": \"listagem atrasos criticos\", \"state\": \"complete\", \"nameData\": null, \"idChecklist\": \"5c631f274621d82d9d963353\"}, {\"id\": \"5c63201cb514852958d4f947\", \"pos\": 42247, \"name\": \"listagem OC\'s na UTI\", \"state\": \"complete\", \"nameData\": null, \"idChecklist\": \"5c631f274621d82d9d963353\"}, {\"id\": \"5c63202a6bc3e0195c450381\", \"pos\": 67737, \"name\": \"dash detalhado OC\'s aberto\", \"state\": \"complete\", \"nameData\": null, \"idChecklist\": \"5c631f274621d82d9d963353\"}, {\"id\": \"5c6320388c79f82d9b0bc92d\", \"pos\": 84220, \"name\": \"listagem default Gestão de OC\'s\", \"state\": \"incomplete\", \"nameData\": null, \"idChecklist\": \"5c631f274621d82d9d963353\"}]',54,'A'),(30,'5c4b47954657ed519b3c7d79','Atividades','[{\"id\": \"5c4b496b0a7e9c5ebfb7f997\", \"pos\": 16987, \"name\": \"Habilitar abertura de modal assistência rápida quando a lista de assistência não estiver completa.\", \"state\": \"complete\", \"nameData\": null, \"idChecklist\": \"5c4b47954657ed519b3c7d79\"}, {\"id\": \"5c4b49cb206d7d3cc28bacaa\", \"pos\": 34217, \"name\": \"Exibir formulário de cadastro de peça quando lista de itens estiver incompleta e o usuário desejar incluir peça manualmente.\", \"state\": \"complete\", \"nameData\": null, \"idChecklist\": \"5c4b47954657ed519b3c7d79\"}, {\"id\": \"5c4b4c2741fc4b3367ada9bf\", \"pos\": 51179, \"name\": \"Quando existir peças incluídas manualmente, copiar para a tela de abertura e encaminhar o sac para a Logística Reversa. Quando não houver peças continuar o fluxo normal.\", \"state\": \"complete\", \"nameData\": {\"emoji\": {}}, \"idChecklist\": \"5c4b47954657ed519b3c7d79\"}, {\"id\": \"5c4b4e088685645f20ddacab\", \"pos\": 8493.5, \"name\": \"Comunicar com endpoint para verificar se a árvore está completa.\", \"state\": \"complete\", \"nameData\": {\"emoji\": {}}, \"idChecklist\": \"5c4b47954657ed519b3c7d79\"}]',56,'A'),(31,'5c4f1d1d15671d0280472e49','SPEC','[{\"id\": \"5c4f1d5ee72bd10555587554\", \"pos\": 16426, \"name\": \"- ESPECIFICAÇÃO TÉCNICA (1 DIA) documentação tecnica.odt\", \"state\": \"complete\", \"nameData\": {\"emoji\": {}}, \"idChecklist\": \"5c4f1d1d15671d0280472e49\"}, {\"id\": \"5c4f1d95c32b5a656b05c503\", \"pos\": 33363, \"name\": \"- DISPONIBILIZAR LISTA DE STATUS TMS TRACK3R (De x Para) (1/2 dia) tabela.xls\", \"state\": \"complete\", \"nameData\": {\"emoji\": {}}, \"idChecklist\": \"5c4f1d1d15671d0280472e49\"}]',53,'A'),(32,'5c4f1d261741d97b8de87e1d','FRONT','[{\"id\": \"5c4f1e68997f473e0bc11dbd\", \"pos\": 16613, \"name\": \"- MOSTRAR INFORMAÇÕES NA MODAL: PLACA NO CAMPO, NOME DO MOTORISTA, ID MOTORISTA (1 DIA)\", \"state\": \"complete\", \"nameData\": {\"emoji\": {}}, \"idChecklist\": \"5c4f1d261741d97b8de87e1d\"}]',53,'A'),(33,'5c4f1d2d1903257003891b77','BACK','[{\"id\": \"5c4f1eff5d5a1b30d7e0a3c1\", \"pos\": 17012, \"name\": \"- ENDPOINT PARA CONSUMO: AUTH E TRACKING (3 DIAS)\", \"state\": \"complete\", \"nameData\": {\"emoji\": {}}, \"idChecklist\": \"5c4f1d2d1903257003891b77\"}, {\"id\": \"5c5097c7a835f0660cf2bc98\", \"pos\": 33611, \"name\": \"- CRIAR COMANDO NO EAGLE (1/2 DIA)\", \"state\": \"complete\", \"nameData\": {\"emoji\": {}}, \"idChecklist\": \"5c4f1d2d1903257003891b77\"}, {\"id\": \"5c5447ee6677d172bebc90c2\", \"pos\": 50372, \"name\": \"- CRIAR ENDPOINT BRAIN (UPDATE) (1 DIA)\", \"state\": \"complete\", \"nameData\": {\"emoji\": {}}, \"idChecklist\": \"5c4f1d2d1903257003891b77\"}, {\"id\": \"5c54486161e78f2ee1452ef5\", \"pos\": 66907, \"name\": \"- REGRA DE NEGOCIO\", \"state\": \"complete\", \"nameData\": null, \"idChecklist\": \"5c4f1d2d1903257003891b77\"}]',53,'A'),(34,'5c4f1d415492d956d9a3dfc6','TEST','[{\"id\": \"5c4f316b51392703ab947d9c\", \"pos\": 17078, \"name\": \"- FUNCIONALIDADE (1/2 DIAS)\", \"state\": \"complete\", \"nameData\": {\"emoji\": {}}, \"idChecklist\": \"5c4f1d415492d956d9a3dfc6\"}, {\"id\": \"5c4f3171c8e08c8721e3ec48\", \"pos\": 34338, \"name\": \"- REVIEW CÓDIGO (1/2 DIAS)\", \"state\": \"incomplete\", \"nameData\": {\"emoji\": {}}, \"idChecklist\": \"5c4f1d415492d956d9a3dfc6\"}]',53,'A');
/*!40000 ALTER TABLE `checklist` ENABLE KEYS */;
UNLOCK TABLES;

--
-- Table structure for table `label`
--

DROP TABLE IF EXISTS `label`;
/*!40101 SET @saved_cs_client     = @@character_set_client */;
/*!40101 SET character_set_client = utf8 */;
CREATE TABLE `label` (
  `id` int(11) NOT NULL AUTO_INCREMENT,
  `label` varchar(100) DEFAULT NULL,
  `trello_id` varchar(100) NOT NULL,
  `status` char(1) DEFAULT NULL,
  PRIMARY KEY (`id`,`trello_id`)
) ENGINE=InnoDB AUTO_INCREMENT=15 DEFAULT CHARSET=latin1;
/*!40101 SET character_set_client = @saved_cs_client */;

--
-- Dumping data for table `label`
--

LOCK TABLES `label` WRITE;
/*!40000 ALTER TABLE `label` DISABLE KEYS */;
INSERT INTO `label` VALUES (1,'Bulma','5c2e2de975615a42c3c3070f','A'),(2,'Consolidador / Bulma','5c193578039ae030dff89dc6','A'),(3,'Assistência Rápida','5c4b45560ddadd188f2b6338','A'),(4,'Coleta Reversa','5c4b3645973ca5352e9f5269','A'),(5,'Transportes','5c4b368da0fb144e88f7730d','A'),(6,'BUG','5ba3d00e9c16fb124a68eeef','A'),(7,'Devops','5c4f3070fc8d5936d8f35f55','A'),(8,'Tableau','5c585f9116ffc6364ad3fe13','A'),(9,'Back Office','5c2e27ab1c73d346514d3599','A'),(10,'Fornecedores','5c4b361654362751f0b545db','A'),(11,'Api','5c2e268f0bd96d22ebed1374','A'),(12,'Extravio Programado','5c6bde0cc27a500a28ef8801','A'),(13,'Cobrança Avaria Isenta','5c6be5c2bfcc4313d2fa3246','A'),(14,'Transportes','5c6bde0cc27a500a28ef87ff','A');
/*!40000 ALTER TABLE `label` ENABLE KEYS */;
UNLOCK TABLES;

--
-- Table structure for table `list`
--

DROP TABLE IF EXISTS `list`;
/*!40101 SET @saved_cs_client     = @@character_set_client */;
/*!40101 SET character_set_client = utf8 */;
CREATE TABLE `list` (
  `id` int(11) NOT NULL AUTO_INCREMENT,
  `trello_id` varchar(100) NOT NULL,
  `list` varchar(100) DEFAULT NULL,
  `status` char(1) DEFAULT NULL,
  `board_id` int(11) DEFAULT NULL,
  PRIMARY KEY (`id`,`trello_id`)
) ENGINE=InnoDB AUTO_INCREMENT=45 DEFAULT CHARSET=latin1;
/*!40101 SET character_set_client = @saved_cs_client */;

--
-- Dumping data for table `list`
--

LOCK TABLES `list` WRITE;
/*!40000 ALTER TABLE `list` DISABLE KEYS */;
INSERT INTO `list` VALUES (37,'5c2de3f904283d6a83d5784a','PACKAGE','A',1),(38,'5ba3d02907db9849f256bd40','TO DO','A',1),(39,'5ba3d026133c5b4817ff1c20','DOING','A',1),(40,'5baa2c5cf4a3c620167a2f78','REVIEW / TEST','A',1),(41,'5bc503fdb5e333847e1707e2','TO DEPLOY','A',1),(42,'5c2e63ac9bb90b7f9e9df596','DONE','A',1),(43,'5c2cd696001e055fd016d8c1','STOPPED','A',1),(44,'5c6bdd79246ac80679ef050e','Sprint 2 - 15/02/2019','A',1);
/*!40000 ALTER TABLE `list` ENABLE KEYS */;
UNLOCK TABLES;

--
-- Table structure for table `member`
--

DROP TABLE IF EXISTS `member`;
/*!40101 SET @saved_cs_client     = @@character_set_client */;
/*!40101 SET character_set_client = utf8 */;
CREATE TABLE `member` (
  `id` int(11) NOT NULL AUTO_INCREMENT,
  `name` varchar(100) DEFAULT NULL,
  `trello_id` varchar(100) NOT NULL,
  `trello_user` varchar(100) NOT NULL,
  `type` varchar(45) DEFAULT NULL,
  `status` char(1) DEFAULT NULL,
  PRIMARY KEY (`id`,`trello_id`,`trello_user`)
) ENGINE=InnoDB AUTO_INCREMENT=11 DEFAULT CHARSET=latin1;
/*!40101 SET character_set_client = @saved_cs_client */;

--
-- Dumping data for table `member`
--

LOCK TABLES `member` WRITE;
/*!40000 ALTER TABLE `member` DISABLE KEYS */;
INSERT INTO `member` VALUES (1,'Alexandre Marcelo Reczcki','5c129b87a0fde00ade92dc2d','alexandremarceloreczcki',NULL,'A'),(2,'Harry Luiz Janz','5af1a6667574a220ffd14ca9','harryluizjanz',NULL,'A'),(3,'Felipe Francisco','5478c28291bcacbebc4bd647','felipecwb',NULL,'A'),(4,'Daniel Marino Pereira Lima','5b8eba830df02a696d86ed1c','danielmarinopereiralima',NULL,'A'),(5,'Jonathan Gomes','5c0eb8bb6aabfb77697844c9','jonathangomes19',NULL,'A'),(6,'Paulo Vital','5beaa38bfa822e8dd738b30e','paulovital2',NULL,'A'),(7,'Luiz Eduardo Pires Bueno','5af9a303da52ceb9fade5c81','luizeduardopiresbueno',NULL,'A'),(8,'Andhrei Henrique Queiroz','5b58ab45b5baedeb5f062ddf','andhreihenriquequeiroz',NULL,'A'),(9,'Guilherme Santos','5b0e96fcb860770a206e4e4d','guilhermesantos152',NULL,'A'),(10,'Allan Helfstein','5c2e2e336a2c611d2e21f7b4','allanhelfstein1',NULL,'A');
/*!40000 ALTER TABLE `member` ENABLE KEYS */;
UNLOCK TABLES;
/*!40103 SET TIME_ZONE=@OLD_TIME_ZONE */;

/*!40101 SET SQL_MODE=@OLD_SQL_MODE */;
/*!40014 SET FOREIGN_KEY_CHECKS=@OLD_FOREIGN_KEY_CHECKS */;
/*!40014 SET UNIQUE_CHECKS=@OLD_UNIQUE_CHECKS */;
/*!40101 SET CHARACTER_SET_CLIENT=@OLD_CHARACTER_SET_CLIENT */;
/*!40101 SET CHARACTER_SET_RESULTS=@OLD_CHARACTER_SET_RESULTS */;
/*!40101 SET COLLATION_CONNECTION=@OLD_COLLATION_CONNECTION */;
/*!40111 SET SQL_NOTES=@OLD_SQL_NOTES */;

-- Dump completed on 2019-02-22 15:01:34
